{
  "type": "FeatureCollection",
  "features": [
    {
      "type": "Feature",
      "properties": {
        "id": 0
      },
      "geometry": {
        "type": "Polygon",
        "coordinates": [
          [
            [
              -90.822962,
              29.796436
            ],
            [
              -90.822569,
              29.796418
            ],
            [
              -90.822521,
              29.796904
            ],
            [
              -90.822634,
              29.796939
            ],
            [
              -90.822604,
              29.797246
            ],
            [
              -90.822821,
              29.797206
            ],
            [
              -90.822887,
              29.796715
            ],
            [
              -90.822962,
              29.796436
            ]
          ]
        ]
      }
    },
    {
      "type": "Feature",
      "properties": {
        "id": 1
      },
      "geometry": {
        "type": "Polygon",
        "coordinates": [
          [
            [
              -90.822614,
              29.797114
            ],
            [
              -90.822473,
              29.797106
            ],
            [
              -90.822452,
              29.797309
            ],
            [
              -90.822596,
              29.797276
            ],
            [
              -90.822614,
              29.797114
            ]
          ]
        ]
      }
    },
    {
      "type": "Feature",
      "properties": {
        "id": 2
      },
      "geometry": {
        "type": "Polygon",
        "coordinates": [
          [
            [
              -90.822343,
              29.796712
            ],
            [
              -90.822367,
              29.796415
            ],
            [
              -90.821852,
              29.796424
            ],
            [
              -90.82187,
              29.796736
            ],
            [
              -90.822343,
              29.796712
            ]
          ]
        ]
      }
    },
    {
      "type": "Feature",
      "properties": {
        "id": 3
      },
      "geometry": {
        "type": "Polygon",
        "coordinates": [
          [
            [
              -90.821764,
              29.797115
            ],
            [
              -90.821758,
              29.796947
            ],
            [
              -90.821457,
              29.796963
            ],
            [
              -90.821468,
              29.797025
            ],
            [
              -90.821625,
              29.797033
            ],
            [
              -90.821629,
              29.797119
            ],
            [
              -90.8217,
              29.797116
            ],
            [
              -90.821764,
              29.797115
            ]
          ]
        ]
      }
    },
    {
      "type": "Feature",
      "properties": {
        "id": 4
      },
      "geometry": {
        "type": "Polygon",
        "coordinates": [
          [
            [
              -90.823192,
              29.79608
            ],
            [
              -90.823174,
              29.796231
            ],
            [
              -90.82359,
              29.79628
            ],
            [
              -90.823575,
              29.796483
            ],
            [
              -90.823676,
              29.796498
            ],
            [
              -90.823733,
              29.796107
            ],
            [
              -90.823632,
              29.796067
            ],
            [
              -90.823192,
              29.79608
            ]
          ]
        ]
      }
    },
    {
      "type": "Feature",
      "properties": {
        "id": 5
      },
      "geometry": {
        "type": "Polygon",
        "coordinates": [
          [
            [
              -90.822732,
              29.796221
            ],
            [
              -90.822755,
              29.796013
            ],
            [
              -90.823081,
              29.796023
            ],
            [
              -90.823103,
              29.795807
            ],
            [
              -90.8226,
              29.795807
            ],
            [
              -90.822554,
              29.796201
            ],
            [
              -90.822732,
              29.796221
            ]
          ]
        ]
      }
    },
    {
      "type": "Feature",
      "properties": {
        "id": 6
      },
      "geometry": {
        "type": "Polygon",
        "coordinates": [
          [
            [
              -90.824719,
              29.796061
            ],
            [
              -90.824512,
              29.796025
            ],
            [
              -90.824498,
              29.796573
            ],
            [
              -90.824693,
              29.796577
            ],
            [
              -90.824719,
              29.796061
            ]
          ]
        ]
      }
    },
    {
      "type": "Feature",
      "properties": {
        "id": 7
      },
      "geometry": {
        "type": "Polygon",
        "coordinates": [
          [
            [
              -90.824437,
              29.79658
            ],
            [
              -90.824446,
              29.796321
            ],
            [
              -90.82446,
              29.796013
            ],
            [
              -90.824285,
              29.796015
            ],
            [
              -90.824266,
              29.796561
            ],
            [
              -90.824437,
              29.79658
            ]
          ]
        ]
      }
    },
    {
      "type": "Feature",
      "properties": {
        "id": 8
      },
      "geometry": {
        "type": "Polygon",
        "coordinates": [
          [
            [
              -90.821152,
              29.79678
            ],
            [
              -90.821145,
              29.796456
            ],
            [
              -90.820865,
              29.796485
            ],
            [
              -90.820911,
              29.796792
            ],
            [
              -90.821152,
              29.79678
            ]
          ]
        ]
      }
    },
    {
      "type": "Feature",
      "properties": {
        "id": 9
      },
      "geometry": {
        "type": "Polygon",
        "coordinates": [
          [
            [
              -90.821223,
              29.797954
            ],
            [
              -90.821218,
              29.797803
            ],
            [
              -90.820964,
              29.797816
            ],
            [
              -90.821014,
              29.797958
            ],
            [
              -90.821223,
              29.797954
            ]
          ]
        ]
      }
    },
    {
      "type": "Feature",
      "properties": {
        "id": 10
      },
      "geometry": {
        "type": "Polygon",
        "coordinates": [
          [
            [
              -90.821866,
              29.798014
            ],
            [
              -90.821821,
              29.79796
            ],
            [
              -90.821375,
              29.798215
            ],
            [
              -90.821417,
              29.798267
            ],
            [
              -90.821866,
              29.798014
            ]
          ]
        ]
      }
    },
    {
      "type": "Feature",
      "properties": {
        "id": 11
      },
      "geometry": {
        "type": "Polygon",
        "coordinates": [
          [
            [
              -90.821266,
              29.798368
            ],
            [
              -90.82124,
              29.798294
            ],
            [
              -90.820302,
              29.798592
            ],
            [
              -90.820335,
              29.79866
            ],
            [
              -90.821266,
              29.798368
            ]
          ]
        ]
      }
    },
    {
      "type": "Feature",
      "properties": {
        "id": 12
      },
      "geometry": {
        "type": "Polygon",
        "coordinates": [
          [
            [
              -90.81997,
              29.798729
            ],
            [
              -90.819951,
              29.798678
            ],
            [
              -90.818937,
              29.798918
            ],
            [
              -90.818957,
              29.798987
            ],
            [
              -90.81997,
              29.798729
            ]
          ]
        ]
      }
    },
    {
      "type": "Feature",
      "properties": {
        "id": 13
      },
      "geometry": {
        "type": "Polygon",
        "coordinates": [
          [
            [
              -90.820022,
              29.798555
            ],
            [
              -90.820002,
              29.798128
            ],
            [
              -90.819754,
              29.798134
            ],
            [
              -90.8198,
              29.798233
            ],
            [
              -90.819807,
              29.79848
            ],
            [
              -90.819516,
              29.798497
            ],
            [
              -90.819523,
              29.798662
            ],
            [
              -90.820022,
              29.798555
            ]
          ]
        ]
      }
    },
    {
      "type": "Feature",
      "properties": {
        "id": 14
      },
      "geometry": {
        "type": "Polygon",
        "coordinates": [
          [
            [
              -90.820556,
              29.796682
            ],
            [
              -90.820543,
              29.796481
            ],
            [
              -90.820295,
              29.796495
            ],
            [
              -90.820324,
              29.796705
            ],
            [
              -90.820556,
              29.796682
            ]
          ]
        ]
      }
    },
    {
      "type": "Feature",
      "properties": {
        "id": 15
      },
      "geometry": {
        "type": "Polygon",
        "coordinates": [
          [
            [
              -90.819945,
              29.796929
            ],
            [
              -90.81993,
              29.796753
            ],
            [
              -90.819432,
              29.796757
            ],
            [
              -90.819447,
              29.796942
            ],
            [
              -90.819945,
              29.796929
            ]
          ]
        ]
      }
    },
    {
      "type": "Feature",
      "properties": {
        "id": 16
      },
      "geometry": {
        "type": "Polygon",
        "coordinates": [
          [
            [
              -90.819396,
              29.798694
            ],
            [
              -90.819386,
              29.798415
            ],
            [
              -90.819147,
              29.798419
            ],
            [
              -90.81916,
              29.798739
            ],
            [
              -90.819396,
              29.798694
            ]
          ]
        ]
      }
    },
    {
      "type": "Feature",
      "properties": {
        "id": 17
      },
      "geometry": {
        "type": "Polygon",
        "coordinates": [
          [
            [
              -90.818992,
              29.798652
            ],
            [
              -90.818967,
              29.798205
            ],
            [
              -90.818892,
              29.798211
            ],
            [
              -90.818915,
              29.798661
            ],
            [
              -90.818992,
              29.798652
            ]
          ]
        ]
      }
    },
    {
      "type": "Feature",
      "properties": {
        "id": 18
      },
      "geometry": {
        "type": "Polygon",
        "coordinates": [
          [
            [
              -90.818812,
              29.798815
            ],
            [
              -90.818786,
              29.798139
            ],
            [
              -90.818628,
              29.798154
            ],
            [
              -90.818609,
              29.798872
            ],
            [
              -90.818812,
              29.798815
            ]
          ]
        ]
      }
    },
    {
      "type": "Feature",
      "properties": {
        "id": 19
      },
      "geometry": {
        "type": "Polygon",
        "coordinates": [
          [
            [
              -90.821897,
              29.798605
            ],
            [
              -90.821721,
              29.798713
            ],
            [
              -90.821887,
              29.799045
            ],
            [
              -90.822026,
              29.798977
            ],
            [
              -90.822154,
              29.798874
            ],
            [
              -90.822411,
              29.798665
            ],
            [
              -90.822502,
              29.798391
            ],
            [
              -90.822351,
              29.798426
            ],
            [
              -90.822205,
              29.798787
            ],
            [
              -90.822136,
              29.798815
            ],
            [
              -90.821953,
              29.798748
            ],
            [
              -90.821897,
              29.798605
            ]
          ]
        ]
      }
    },
    {
      "type": "Feature",
      "properties": {
        "id": 20
      },
      "geometry": {
        "type": "Polygon",
        "coordinates": [
          [
            [
              -90.826161,
              29.796084
            ],
            [
              -90.825947,
              29.79605
            ],
            [
              -90.825735,
              29.796009
            ],
            [
              -90.825708,
              29.796165
            ],
            [
              -90.825666,
              29.796358
            ],
            [
              -90.825546,
              29.796366
            ],
            [
              -90.825582,
              29.79603
            ],
            [
              -90.825443,
              29.79603
            ],
            [
              -90.825335,
              29.796486
            ],
            [
              -90.825521,
              29.796542
            ],
            [
              -90.825499,
              29.796682
            ],
            [
              -90.825852,
              29.796672
            ],
            [
              -90.825886,
              29.796426
            ],
            [
              -90.825908,
              29.796216
            ],
            [
              -90.826128,
              29.796236
            ],
            [
              -90.826161,
              29.796084
            ]
          ]
        ]
      }
    },
    {
      "type": "Feature",
      "properties": {
        "id": 21
      },
      "geometry": {
        "type": "Polygon",
        "coordinates": [
          [
            [
              -90.826261,
              29.795985
            ],
            [
              -90.826313,
              29.795708
            ],
            [
              -90.826108,
              29.795693
            ],
            [
              -90.826081,
              29.795882
            ],
            [
              -90.826062,
              29.795949
            ],
            [
              -90.826261,
              29.795985
            ]
          ]
        ]
      }
    },
    {
      "type": "Feature",
      "properties": {
        "id": 22
      },
      "geometry": {
        "type": "Polygon",
        "coordinates": [
          [
            [
              -90.827323,
              29.796577
            ],
            [
              -90.827352,
              29.796332
            ],
            [
              -90.827543,
              29.796349
            ],
            [
              -90.827556,
              29.796268
            ],
            [
              -90.826872,
              29.79617
            ],
            [
              -90.826781,
              29.796713
            ],
            [
              -90.826923,
              29.796717
            ],
            [
              -90.82709,
              29.7967
            ],
            [
              -90.827107,
              29.796584
            ],
            [
              -90.827323,
              29.796577
            ]
          ]
        ]
      }
    },
    {
      "type": "Feature",
      "properties": {
        "id": 23
      },
      "geometry": {
        "type": "Polygon",
        "coordinates": [
          [
            [
              -90.829618,
              29.795609
            ],
            [
              -90.829693,
              29.795239
            ],
            [
              -90.827685,
              29.794886
            ],
            [
              -90.827444,
              29.795917
            ],
            [
              -90.828407,
              29.796088
            ],
            [
              -90.82847,
              29.795886
            ],
            [
              -90.828604,
              29.795893
            ],
            [
              -90.828647,
              29.795742
            ],
            [
              -90.828434,
              29.795718
            ],
            [
              -90.828482,
              29.795479
            ],
            [
              -90.828679,
              29.795503
            ],
            [
              -90.829618,
              29.795609
            ]
          ]
        ]
      }
    },
    {
      "type": "Feature",
      "properties": {
        "id": 24
      },
      "geometry": {
        "type": "Polygon",
        "coordinates": [
          [
            [
              -90.831524,
              29.795904
            ],
            [
              -90.830721,
              29.795739
            ],
            [
              -90.830506,
              29.796472
            ],
            [
              -90.8313,
              29.796652
            ],
            [
              -90.831524,
              29.795904
            ]
          ]
        ]
      }
    },
    {
      "type": "Feature",
      "properties": {
        "id": 25
      },
      "geometry": {
        "type": "Polygon",
        "coordinates": [
          [
            [
              -90.829809,
              29.79635
            ],
            [
              -90.829851,
              29.796092
            ],
            [
              -90.829558,
              29.79604
            ],
            [
              -90.829492,
              29.796298
            ],
            [
              -90.829809,
              29.79635
            ]
          ]
        ]
      }
    },
    {
      "type": "Feature",
      "properties": {
        "id": 26
      },
      "geometry": {
        "type": "Polygon",
        "coordinates": [
          [
            [
              -90.829472,
              29.796274
            ],
            [
              -90.829521,
              29.795974
            ],
            [
              -90.829273,
              29.795941
            ],
            [
              -90.829176,
              29.796223
            ],
            [
              -90.829472,
              29.796274
            ]
          ]
        ]
      }
    },
    {
      "type": "Feature",
      "properties": {
        "id": 27
      },
      "geometry": {
        "type": "Polygon",
        "coordinates": [
          [
            [
              -90.824672,
              29.795796
            ],
            [
              -90.824693,
              29.795425
            ],
            [
              -90.824571,
              29.795421
            ],
            [
              -90.824507,
              29.795782
            ],
            [
              -90.82461,
              29.795794
            ],
            [
              -90.824672,
              29.795796
            ]
          ]
        ]
      }
    },
    {
      "type": "Feature",
      "properties": {
        "id": 28
      },
      "geometry": {
        "type": "Polygon",
        "coordinates": [
          [
            [
              -90.824183,
              29.795773
            ],
            [
              -90.824199,
              29.795485
            ],
            [
              -90.824107,
              29.795486
            ],
            [
              -90.824105,
              29.79567
            ],
            [
              -90.823904,
              29.795661
            ],
            [
              -90.823899,
              29.795752
            ],
            [
              -90.824183,
              29.795773
            ]
          ]
        ]
      }
    },
    {
      "type": "Feature",
      "properties": {
        "id": 29
      },
      "geometry": {
        "type": "Polygon",
        "coordinates": [
          [
            [
              -90.819894,
              29.796121
            ],
            [
              -90.819889,
              29.795945
            ],
            [
              -90.819402,
              29.795977
            ],
            [
              -90.819398,
              29.79621
            ],
            [
              -90.819616,
              29.796209
            ],
            [
              -90.819613,
              29.796127
            ],
            [
              -90.819894,
              29.796121
            ]
          ]
        ]
      }
    },
    {
      "type": "Feature",
      "properties": {
        "id": 30
      },
      "geometry": {
        "type": "Polygon",
        "coordinates": [
          [
            [
              -90.819636,
              29.796386
            ],
            [
              -90.81963,
              29.796225
            ],
            [
              -90.819411,
              29.796238
            ],
            [
              -90.819404,
              29.796423
            ],
            [
              -90.819636,
              29.796386
            ]
          ]
        ]
      }
    },
    {
      "type": "Feature",
      "properties": {
        "id": 31
      },
      "geometry": {
        "type": "Polygon",
        "coordinates": [
          [
            [
              -90.834566,
              29.797337
            ],
            [
              -90.834738,
              29.796785
            ],
            [
              -90.833619,
              29.796534
            ],
            [
              -90.833453,
              29.797097
            ],
            [
              -90.834566,
              29.797337
            ]
          ]
        ]
      }
    },
    {
      "type": "Feature",
      "properties": {
        "id": 32
      },
      "geometry": {
        "type": "Polygon",
        "coordinates": [
          [
            [
              -90.833297,
              29.796968
            ],
            [
              -90.833409,
              29.796633
            ],
            [
              -90.833569,
              29.796665
            ],
            [
              -90.833615,
              29.796532
            ],
            [
              -90.833405,
              29.796464
            ],
            [
              -90.833238,
              29.796541
            ],
            [
              -90.83323,
              29.796494
            ],
            [
              -90.832952,
              29.796424
            ],
            [
              -90.832817,
              29.796604
            ],
            [
              -90.833164,
              29.796668
            ],
            [
              -90.833112,
              29.796937
            ],
            [
              -90.833297,
              29.796968
            ]
          ]
        ]
      }
    },
    {
      "type": "Feature",
      "properties": {
        "id": 33
      },
      "geometry": {
        "type": "Polygon",
        "coordinates": [
          [
            [
              -90.828737,
              29.796126
            ],
            [
              -90.828789,
              29.795771
            ],
            [
              -90.828947,
              29.795776
            ],
            [
              -90.828985,
              29.795561
            ],
            [
              -90.828697,
              29.795537
            ],
            [
              -90.828582,
              29.796108
            ],
            [
              -90.828737,
              29.796126
            ]
          ]
        ]
      }
    },
    {
      "type": "Feature",
      "properties": {
        "id": 34
      },
      "geometry": {
        "type": "Polygon",
        "coordinates": [
          [
            [
              -90.821975,
              29.800523
            ],
            [
              -90.822221,
              29.799729
            ],
            [
              -90.821758,
              29.799646
            ],
            [
              -90.821663,
              29.79985
            ],
            [
              -90.821591,
              29.800108
            ],
            [
              -90.821469,
              29.800337
            ],
            [
              -90.821594,
              29.800448
            ],
            [
              -90.821975,
              29.800523
            ]
          ]
        ]
      }
    },
    {
      "type": "Feature",
      "properties": {
        "id": 35
      },
      "geometry": {
        "type": "Polygon",
        "coordinates": [
          [
            [
              -90.823407,
              29.798999
            ],
            [
              -90.823209,
              29.79911
            ],
            [
              -90.823269,
              29.799621
            ],
            [
              -90.823449,
              29.7995
            ],
            [
              -90.82339,
              29.799183
            ],
            [
              -90.823675,
              29.799145
            ],
            [
              -90.823687,
              29.799469
            ],
            [
              -90.823453,
              29.799507
            ],
            [
              -90.823275,
              29.799624
            ],
            [
              -90.82366,
              29.799603
            ],
            [
              -90.823794,
              29.799555
            ],
            [
              -90.823875,
              29.798979
            ],
            [
              -90.823875,
              29.798679
            ],
            [
              -90.823336,
              29.798769
            ],
            [
              -90.823407,
              29.798999
            ]
          ]
        ]
      }
    },
    {
      "type": "Feature",
      "properties": {
        "id": 36
      },
      "geometry": {
        "type": "Polygon",
        "coordinates": [
          [
            [
              -90.818511,
              29.799936
            ],
            [
              -90.818503,
              29.799639
            ],
            [
              -90.818356,
              29.799579
            ],
            [
              -90.818118,
              29.799703
            ],
            [
              -90.818105,
              29.800029
            ],
            [
              -90.818498,
              29.800056
            ],
            [
              -90.819091,
              29.800059
            ],
            [
              -90.819173,
              29.799755
            ],
            [
              -90.818978,
              29.799785
            ],
            [
              -90.818965,
              29.799947
            ],
            [
              -90.818663,
              29.799962
            ],
            [
              -90.818511,
              29.799936
            ]
          ]
        ]
      }
    },
    {
      "type": "Feature",
      "properties": {
        "id": 37
      },
      "geometry": {
        "type": "Polygon",
        "coordinates": [
          [
            [
              -90.819476,
              29.801125
            ],
            [
              -90.819683,
              29.8003
            ],
            [
              -90.819545,
              29.800198
            ],
            [
              -90.819433,
              29.800202
            ],
            [
              -90.818546,
              29.800333
            ],
            [
              -90.818421,
              29.800566
            ],
            [
              -90.818226,
              29.80057
            ],
            [
              -90.817997,
              29.800577
            ],
            [
              -90.817923,
              29.800791
            ],
            [
              -90.81782,
              29.800973
            ],
            [
              -90.817974,
              29.801118
            ],
            [
              -90.818299,
              29.801201
            ],
            [
              -90.818391,
              29.800954
            ],
            [
              -90.818758,
              29.800924
            ],
            [
              -90.818784,
              29.80083
            ],
            [
              -90.818927,
              29.800833
            ],
            [
              -90.818901,
              29.800953
            ],
            [
              -90.819268,
              29.801092
            ],
            [
              -90.819212,
              29.801441
            ],
            [
              -90.819398,
              29.801463
            ],
            [
              -90.819476,
              29.801125
            ]
          ]
        ]
      }
    },
    {
      "type": "Feature",
      "properties": {
        "id": 38
      },
      "geometry": {
        "type": "Polygon",
        "coordinates": [
          [
            [
              -90.822877,
              29.790092
            ],
            [
              -90.822889,
              29.789811
            ],
            [
              -90.822472,
              29.789759
            ],
            [
              -90.822388,
              29.790044
            ],
            [
              -90.822877,
              29.790092
            ]
          ]
        ]
      }
    },
    {
      "type": "Feature",
      "properties": {
        "id": 39
      },
      "geometry": {
        "type": "Polygon",
        "coordinates": [
          [
            [
              -90.820875,
              29.799587
            ],
            [
              -90.820732,
              29.799199
            ],
            [
              -90.820633,
              29.799201
            ],
            [
              -90.820646,
              29.79945
            ],
            [
              -90.82071,
              29.799684
            ],
            [
              -90.820875,
              29.799587
            ]
          ]
        ]
      }
    },
    {
      "type": "Feature",
      "properties": {
        "id": 40
      },
      "geometry": {
        "type": "Polygon",
        "coordinates": [
          [
            [
              -90.820849,
              29.799871
            ],
            [
              -90.820461,
              29.800032
            ],
            [
              -90.820271,
              29.800885
            ],
            [
              -90.820466,
              29.800988
            ],
            [
              -90.820684,
              29.801003
            ],
            [
              -90.820723,
              29.80084
            ],
            [
              -90.820487,
              29.800819
            ],
            [
              -90.820504,
              29.800684
            ],
            [
              -90.820556,
              29.800578
            ],
            [
              -90.82067,
              29.800175
            ],
            [
              -90.820851,
              29.800193
            ],
            [
              -90.820918,
              29.79998
            ],
            [
              -90.820849,
              29.799871
            ]
          ]
        ]
      }
    },
    {
      "type": "Feature",
      "properties": {
        "id": 41
      },
      "geometry": {
        "type": "Polygon",
        "coordinates": [
          [
            [
              -90.820089,
              29.800871
            ],
            [
              -90.820128,
              29.800792
            ],
            [
              -90.819885,
              29.80074
            ],
            [
              -90.819983,
              29.800391
            ],
            [
              -90.820194,
              29.800422
            ],
            [
              -90.820294,
              29.80017
            ],
            [
              -90.820082,
              29.800064
            ],
            [
              -90.819991,
              29.800087
            ],
            [
              -90.819786,
              29.800719
            ],
            [
              -90.819766,
              29.80082
            ],
            [
              -90.820089,
              29.800871
            ]
          ]
        ]
      }
    },
    {
      "type": "Feature",
      "properties": {
        "id": 42
      },
      "geometry": {
        "type": "Polygon",
        "coordinates": [
          [
            [
              -90.820034,
              29.801422
            ],
            [
              -90.820104,
              29.801155
            ],
            [
              -90.82014,
              29.801016
            ],
            [
              -90.820068,
              29.80097
            ],
            [
              -90.819951,
              29.800944
            ],
            [
              -90.819748,
              29.800928
            ],
            [
              -90.819704,
              29.801114
            ],
            [
              -90.819933,
              29.80116
            ],
            [
              -90.819882,
              29.801394
            ],
            [
              -90.820034,
              29.801422
            ]
          ]
        ]
      }
    },
    {
      "type": "Feature",
      "properties": {
        "id": 43
      },
      "geometry": {
        "type": "Polygon",
        "coordinates": [
          [
            [
              -90.820264,
              29.802071
            ],
            [
              -90.820373,
              29.801558
            ],
            [
              -90.820122,
              29.801498
            ],
            [
              -90.820022,
              29.801959
            ],
            [
              -90.820264,
              29.802071
            ]
          ]
        ]
      }
    },
    {
      "type": "Feature",
      "properties": {
        "id": 44
      },
      "geometry": {
        "type": "Polygon",
        "coordinates": [
          [
            [
              -90.8199,
              29.801933
            ],
            [
              -90.820025,
              29.801474
            ],
            [
              -90.819822,
              29.801462
            ],
            [
              -90.819721,
              29.801904
            ],
            [
              -90.8199,
              29.801933
            ]
          ]
        ]
      }
    },
    {
      "type": "Feature",
      "properties": {
        "id": 45
      },
      "geometry": {
        "type": "Polygon",
        "coordinates": [
          [
            [
              -90.817928,
              29.801656
            ],
            [
              -90.817999,
              29.801526
            ],
            [
              -90.817809,
              29.801456
            ],
            [
              -90.817926,
              29.801226
            ],
            [
              -90.817698,
              29.801147
            ],
            [
              -90.817564,
              29.801445
            ],
            [
              -90.81763,
              29.801566
            ],
            [
              -90.817928,
              29.801656
            ]
          ]
        ]
      }
    },
    {
      "type": "Feature",
      "properties": {
        "id": 46
      },
      "geometry": {
        "type": "Polygon",
        "coordinates": [
          [
            [
              -90.817287,
              29.800722
            ],
            [
              -90.817049,
              29.800672
            ],
            [
              -90.81692,
              29.801096
            ],
            [
              -90.816034,
              29.800874
            ],
            [
              -90.81598,
              29.801089
            ],
            [
              -90.816138,
              29.801111
            ],
            [
              -90.816257,
              29.801148
            ],
            [
              -90.816952,
              29.801312
            ],
            [
              -90.816862,
              29.801499
            ],
            [
              -90.81706,
              29.801518
            ],
            [
              -90.817287,
              29.800722
            ]
          ]
        ]
      }
    },
    {
      "type": "Feature",
      "properties": {
        "id": 47
      },
      "geometry": {
        "type": "Polygon",
        "coordinates": [
          [
            [
              -90.817323,
              29.800711
            ],
            [
              -90.817449,
              29.800255
            ],
            [
              -90.817294,
              29.800196
            ],
            [
              -90.816686,
              29.800083
            ],
            [
              -90.816675,
              29.800264
            ],
            [
              -90.817233,
              29.800402
            ],
            [
              -90.817146,
              29.80068
            ],
            [
              -90.817323,
              29.800711
            ]
          ]
        ]
      }
    },
    {
      "type": "Feature",
      "properties": {
        "id": 48
      },
      "geometry": {
        "type": "Polygon",
        "coordinates": [
          [
            [
              -90.816545,
              29.803437
            ],
            [
              -90.816712,
              29.802819
            ],
            [
              -90.816843,
              29.802326
            ],
            [
              -90.816867,
              29.80216
            ],
            [
              -90.816413,
              29.802051
            ],
            [
              -90.816365,
              29.802331
            ],
            [
              -90.816664,
              29.802383
            ],
            [
              -90.816634,
              29.802586
            ],
            [
              -90.816281,
              29.802508
            ],
            [
              -90.816162,
              29.802933
            ],
            [
              -90.816479,
              29.802995
            ],
            [
              -90.816455,
              29.803151
            ],
            [
              -90.816084,
              29.803068
            ],
            [
              -90.816395,
              29.802041
            ],
            [
              -90.816407,
              29.801896
            ],
            [
              -90.815839,
              29.801792
            ],
            [
              -90.815451,
              29.803172
            ],
            [
              -90.816545,
              29.803437
            ]
          ]
        ]
      }
    },
    {
      "type": "Feature",
      "properties": {
        "id": 49
      },
      "geometry": {
        "type": "Polygon",
        "coordinates": [
          [
            [
              -90.816288,
              29.804572
            ],
            [
              -90.816441,
              29.803966
            ],
            [
              -90.815845,
              29.803826
            ],
            [
              -90.815969,
              29.803325
            ],
            [
              -90.815444,
              29.80319
            ],
            [
              -90.815281,
              29.803846
            ],
            [
              -90.815115,
              29.804363
            ],
            [
              -90.816288,
              29.804572
            ]
          ]
        ]
      }
    },
    {
      "type": "Feature",
      "properties": {
        "id": 50
      },
      "geometry": {
        "type": "Polygon",
        "coordinates": [
          [
            [
              -90.814995,
              29.804549
            ],
            [
              -90.815058,
              29.804402
            ],
            [
              -90.814319,
              29.804212
            ],
            [
              -90.814275,
              29.804393
            ],
            [
              -90.814995,
              29.804549
            ]
          ]
        ]
      }
    },
    {
      "type": "Feature",
      "properties": {
        "id": 51
      },
      "geometry": {
        "type": "Polygon",
        "coordinates": [
          [
            [
              -90.816167,
              29.804768
            ],
            [
              -90.816251,
              29.804618
            ],
            [
              -90.815745,
              29.804509
            ],
            [
              -90.815689,
              29.804794
            ],
            [
              -90.815815,
              29.804816
            ],
            [
              -90.815837,
              29.804702
            ],
            [
              -90.815966,
              29.804729
            ],
            [
              -90.816167,
              29.804768
            ]
          ]
        ]
      }
    },
    {
      "type": "Feature",
      "properties": {
        "id": 52
      },
      "geometry": {
        "type": "Polygon",
        "coordinates": [
          [
            [
              -90.815567,
              29.804647
            ],
            [
              -90.815625,
              29.80448
            ],
            [
              -90.815193,
              29.804421
            ],
            [
              -90.815131,
              29.804685
            ],
            [
              -90.815346,
              29.8047
            ],
            [
              -90.815382,
              29.804627
            ],
            [
              -90.815567,
              29.804647
            ]
          ]
        ]
      }
    },
    {
      "type": "Feature",
      "properties": {
        "id": 53
      },
      "geometry": {
        "type": "Polygon",
        "coordinates": [
          [
            [
              -90.817771,
              29.803149
            ],
            [
              -90.818126,
              29.803273
            ],
            [
              -90.818502,
              29.803319
            ],
            [
              -90.818354,
              29.803903
            ],
            [
              -90.817603,
              29.803765
            ],
            [
              -90.817533,
              29.804307
            ],
            [
              -90.818435,
              29.804477
            ],
            [
              -90.818689,
              29.803395
            ],
            [
              -90.818785,
              29.803134
            ],
            [
              -90.817805,
              29.803008
            ],
            [
              -90.817771,
              29.803149
            ]
          ]
        ]
      }
    },
    {
      "type": "Feature",
      "properties": {
        "id": 54
      },
      "geometry": {
        "type": "Polygon",
        "coordinates": [
          [
            [
              -90.817441,
              29.804027
            ],
            [
              -90.817498,
              29.803742
            ],
            [
              -90.817008,
              29.803666
            ],
            [
              -90.816938,
              29.80397
            ],
            [
              -90.817441,
              29.804027
            ]
          ]
        ]
      }
    },
    {
      "type": "Feature",
      "properties": {
        "id": 55
      },
      "geometry": {
        "type": "Polygon",
        "coordinates": [
          [
            [
              -90.818268,
              29.804855
            ],
            [
              -90.818218,
              29.805067
            ],
            [
              -90.818355,
              29.805086
            ],
            [
              -90.81845,
              29.804713
            ],
            [
              -90.818469,
              29.804495
            ],
            [
              -90.817564,
              29.804383
            ],
            [
              -90.817404,
              29.805014
            ],
            [
              -90.817659,
              29.805083
            ],
            [
              -90.817765,
              29.804759
            ],
            [
              -90.818268,
              29.804855
            ]
          ]
        ]
      }
    },
    {
      "type": "Feature",
      "properties": {
        "id": 56
      },
      "geometry": {
        "type": "Polygon",
        "coordinates": [
          [
            [
              -90.817309,
              29.804911
            ],
            [
              -90.817377,
              29.804508
            ],
            [
              -90.817,
              29.804456
            ],
            [
              -90.816841,
              29.804591
            ],
            [
              -90.816772,
              29.804891
            ],
            [
              -90.816856,
              29.804987
            ],
            [
              -90.817236,
              29.804987
            ],
            [
              -90.817309,
              29.804911
            ]
          ]
        ]
      }
    },
    {
      "type": "Feature",
      "properties": {
        "id": 57
      },
      "geometry": {
        "type": "Polygon",
        "coordinates": [
          [
            [
              -90.815928,
              29.805654
            ],
            [
              -90.816051,
              29.805187
            ],
            [
              -90.816017,
              29.805102
            ],
            [
              -90.81569,
              29.805046
            ],
            [
              -90.815632,
              29.805217
            ],
            [
              -90.815891,
              29.805255
            ],
            [
              -90.815809,
              29.805544
            ],
            [
              -90.815321,
              29.805424
            ],
            [
              -90.815351,
              29.805286
            ],
            [
              -90.815589,
              29.805321
            ],
            [
              -90.815678,
              29.805047
            ],
            [
              -90.815273,
              29.804973
            ],
            [
              -90.815147,
              29.80548
            ],
            [
              -90.815928,
              29.805654
            ]
          ]
        ]
      }
    },
    {
      "type": "Feature",
      "properties": {
        "id": 58
      },
      "geometry": {
        "type": "Polygon",
        "coordinates": [
          [
            [
              -90.817809,
              29.805308
            ],
            [
              -90.817292,
              29.805217
            ],
            [
              -90.81715,
              29.805851
            ],
            [
              -90.817178,
              29.806114
            ],
            [
              -90.817591,
              29.806229
            ],
            [
              -90.817809,
              29.805308
            ]
          ]
        ]
      }
    },
    {
      "type": "Feature",
      "properties": {
        "id": 59
      },
      "geometry": {
        "type": "Polygon",
        "coordinates": [
          [
            [
              -90.817193,
              29.805306
            ],
            [
              -90.817211,
              29.805198
            ],
            [
              -90.816683,
              29.805116
            ],
            [
              -90.816619,
              29.805422
            ],
            [
              -90.816757,
              29.80542
            ],
            [
              -90.816799,
              29.805258
            ],
            [
              -90.817193,
              29.805306
            ]
          ]
        ]
      }
    },
    {
      "type": "Feature",
      "properties": {
        "id": 60
      },
      "geometry": {
        "type": "Polygon",
        "coordinates": [
          [
            [
              -90.816896,
              29.806161
            ],
            [
              -90.817043,
              29.806189
            ],
            [
              -90.817068,
              29.806073
            ],
            [
              -90.81687,
              29.806033
            ],
            [
              -90.816944,
              29.805749
            ],
            [
              -90.816654,
              29.805693
            ],
            [
              -90.816574,
              29.805759
            ],
            [
              -90.816595,
              29.805948
            ],
            [
              -90.816568,
              29.806075
            ],
            [
              -90.816896,
              29.806161
            ]
          ]
        ]
      }
    },
    {
      "type": "Feature",
      "properties": {
        "id": 61
      },
      "geometry": {
        "type": "Polygon",
        "coordinates": [
          [
            [
              -90.816716,
              29.805576
            ],
            [
              -90.816687,
              29.805676
            ],
            [
              -90.816989,
              29.805718
            ],
            [
              -90.817016,
              29.805624
            ],
            [
              -90.816716,
              29.805576
            ]
          ]
        ]
      }
    },
    {
      "type": "Feature",
      "properties": {
        "id": 62
      },
      "geometry": {
        "type": "Polygon",
        "coordinates": [
          [
            [
              -90.815787,
              29.800642
            ],
            [
              -90.81594,
              29.800144
            ],
            [
              -90.81625,
              29.800195
            ],
            [
              -90.816285,
              29.800078
            ],
            [
              -90.815765,
              29.799989
            ],
            [
              -90.815596,
              29.800617
            ],
            [
              -90.815787,
              29.800642
            ]
          ]
        ]
      }
    },
    {
      "type": "Feature",
      "properties": {
        "id": 63
      },
      "geometry": {
        "type": "Polygon",
        "coordinates": [
          [
            [
              -90.814948,
              29.800385
            ],
            [
              -90.815096,
              29.800446
            ],
            [
              -90.815179,
              29.800067
            ],
            [
              -90.815387,
              29.800088
            ],
            [
              -90.815444,
              29.800109
            ],
            [
              -90.815421,
              29.80019
            ],
            [
              -90.815296,
              29.80053
            ],
            [
              -90.815518,
              29.800602
            ],
            [
              -90.815676,
              29.800108
            ],
            [
              -90.815622,
              29.799989
            ],
            [
              -90.815459,
              29.799908
            ],
            [
              -90.815221,
              29.799863
            ],
            [
              -90.815038,
              29.799977
            ],
            [
              -90.814948,
              29.800385
            ]
          ]
        ]
      }
    },
    {
      "type": "Feature",
      "properties": {
        "id": 64
      },
      "geometry": {
        "type": "Polygon",
        "coordinates": [
          [
            [
              -90.818595,
              29.798688
            ],
            [
              -90.81859,
              29.798589
            ],
            [
              -90.818238,
              29.798586
            ],
            [
              -90.818257,
              29.798686
            ],
            [
              -90.818595,
              29.798688
            ]
          ]
        ]
      }
    },
    {
      "type": "Feature",
      "properties": {
        "id": 65
      },
      "geometry": {
        "type": "Polygon",
        "coordinates": [
          [
            [
              -90.817681,
              29.798612
            ],
            [
              -90.817709,
              29.798445
            ],
            [
              -90.817616,
              29.798436
            ],
            [
              -90.817597,
              29.798627
            ],
            [
              -90.817584,
              29.79872
            ],
            [
              -90.817731,
              29.798725
            ],
            [
              -90.817742,
              29.798641
            ],
            [
              -90.817681,
              29.798612
            ]
          ]
        ]
      }
    },
    {
      "type": "Feature",
      "properties": {
        "id": 66
      },
      "geometry": {
        "type": "Polygon",
        "coordinates": [
          [
            [
              -90.817181,
              29.798709
            ],
            [
              -90.817223,
              29.798374
            ],
            [
              -90.817099,
              29.798362
            ],
            [
              -90.817041,
              29.798692
            ],
            [
              -90.817181,
              29.798709
            ]
          ]
        ]
      }
    },
    {
      "type": "Feature",
      "properties": {
        "id": 67
      },
      "geometry": {
        "type": "Polygon",
        "coordinates": [
          [
            [
              -90.817532,
              29.798731
            ],
            [
              -90.817595,
              29.798371
            ],
            [
              -90.817501,
              29.798376
            ],
            [
              -90.817441,
              29.798711
            ],
            [
              -90.817532,
              29.798731
            ]
          ]
        ]
      }
    },
    {
      "type": "Feature",
      "properties": {
        "id": 68
      },
      "geometry": {
        "type": "Polygon",
        "coordinates": [
          [
            [
              -90.82266,
              29.791986
            ],
            [
              -90.822566,
              29.791836
            ],
            [
              -90.82241,
              29.791824
            ],
            [
              -90.822317,
              29.791952
            ],
            [
              -90.822364,
              29.792047
            ],
            [
              -90.82266,
              29.791986
            ]
          ]
        ]
      }
    },
    {
      "type": "Feature",
      "properties": {
        "id": 69
      },
      "geometry": {
        "type": "Polygon",
        "coordinates": [
          [
            [
              -90.814355,
              29.799539
            ],
            [
              -90.813921,
              29.799383
            ],
            [
              -90.81386,
              29.799583
            ],
            [
              -90.814311,
              29.79971
            ],
            [
              -90.814355,
              29.799539
            ]
          ]
        ]
      }
    },
    {
      "type": "Feature",
      "properties": {
        "id": 70
      },
      "geometry": {
        "type": "Polygon",
        "coordinates": [
          [
            [
              -90.814243,
              29.799866
            ],
            [
              -90.813805,
              29.799766
            ],
            [
              -90.813775,
              29.799863
            ],
            [
              -90.814213,
              29.799966
            ],
            [
              -90.814243,
              29.799866
            ]
          ]
        ]
      }
    },
    {
      "type": "Feature",
      "properties": {
        "id": 71
      },
      "geometry": {
        "type": "Polygon",
        "coordinates": [
          [
            [
              -90.818774,
              29.807089
            ],
            [
              -90.818872,
              29.80684
            ],
            [
              -90.816665,
              29.806205
            ],
            [
              -90.816367,
              29.806911
            ],
            [
              -90.817007,
              29.80707
            ],
            [
              -90.816833,
              29.807527
            ],
            [
              -90.817473,
              29.807692
            ],
            [
              -90.817836,
              29.806831
            ],
            [
              -90.818774,
              29.807089
            ]
          ]
        ]
      }
    },
    {
      "type": "Feature",
      "properties": {
        "id": 72
      },
      "geometry": {
        "type": "Polygon",
        "coordinates": [
          [
            [
              -90.817486,
              29.810097
            ],
            [
              -90.817775,
              29.809062
            ],
            [
              -90.818112,
              29.808464
            ],
            [
              -90.81897,
              29.808705
            ],
            [
              -90.819051,
              29.808561
            ],
            [
              -90.818343,
              29.808366
            ],
            [
              -90.818242,
              29.808238
            ],
            [
              -90.81703,
              29.807831
            ],
            [
              -90.816366,
              29.809245
            ],
            [
              -90.815802,
              29.809056
            ],
            [
              -90.815663,
              29.809649
            ],
            [
              -90.817486,
              29.810097
            ]
          ]
        ]
      }
    },
    {
      "type": "Feature",
      "properties": {
        "id": 73
      },
      "geometry": {
        "type": "Polygon",
        "coordinates": [
          [
            [
              -90.816468,
              29.808705
            ],
            [
              -90.816534,
              29.808555
            ],
            [
              -90.81606,
              29.808412
            ],
            [
              -90.816161,
              29.808139
            ],
            [
              -90.816092,
              29.80812
            ],
            [
              -90.815919,
              29.808554
            ],
            [
              -90.816468,
              29.808705
            ]
          ]
        ]
      }
    },
    {
      "type": "Feature",
      "properties": {
        "id": 74
      },
      "geometry": {
        "type": "Polygon",
        "coordinates": [
          [
            [
              -90.816375,
              29.808087
            ],
            [
              -90.816475,
              29.807699
            ],
            [
              -90.816154,
              29.807601
            ],
            [
              -90.816054,
              29.808005
            ],
            [
              -90.816375,
              29.808087
            ]
          ]
        ]
      }
    },
    {
      "type": "Feature",
      "properties": {
        "id": 75
      },
      "geometry": {
        "type": "Polygon",
        "coordinates": [
          [
            [
              -90.816466,
              29.811031
            ],
            [
              -90.816701,
              29.81011
            ],
            [
              -90.816277,
              29.810011
            ],
            [
              -90.816059,
              29.810938
            ],
            [
              -90.816466,
              29.811031
            ]
          ]
        ]
      }
    },
    {
      "type": "Feature",
      "properties": {
        "id": 76
      },
      "geometry": {
        "type": "Polygon",
        "coordinates": [
          [
            [
              -90.817805,
              29.810842
            ],
            [
              -90.817854,
              29.810672
            ],
            [
              -90.81772,
              29.810449
            ],
            [
              -90.817381,
              29.810347
            ],
            [
              -90.817231,
              29.810585
            ],
            [
              -90.817134,
              29.81097
            ],
            [
              -90.817211,
              29.810972
            ],
            [
              -90.817271,
              29.810679
            ],
            [
              -90.817408,
              29.810706
            ],
            [
              -90.817443,
              29.810575
            ],
            [
              -90.817632,
              29.810624
            ],
            [
              -90.817805,
              29.810842
            ]
          ]
        ]
      }
    },
    {
      "type": "Feature",
      "properties": {
        "id": 77
      },
      "geometry": {
        "type": "Polygon",
        "coordinates": [
          [
            [
              -90.817615,
              29.811245
            ],
            [
              -90.817626,
              29.811148
            ],
            [
              -90.817222,
              29.811046
            ],
            [
              -90.817176,
              29.811176
            ],
            [
              -90.817615,
              29.811245
            ]
          ]
        ]
      }
    },
    {
      "type": "Feature",
      "properties": {
        "id": 78
      },
      "geometry": {
        "type": "Polygon",
        "coordinates": [
          [
            [
              -90.817031,
              29.811098
            ],
            [
              -90.817263,
              29.810269
            ],
            [
              -90.817165,
              29.810238
            ],
            [
              -90.816933,
              29.811077
            ],
            [
              -90.817031,
              29.811098
            ]
          ]
        ]
      }
    },
    {
      "type": "Feature",
      "properties": {
        "id": 79
      },
      "geometry": {
        "type": "Polygon",
        "coordinates": [
          [
            [
              -90.8162,
              29.809907
            ],
            [
              -90.815577,
              29.809786
            ],
            [
              -90.81552,
              29.810095
            ],
            [
              -90.815924,
              29.8102
            ],
            [
              -90.815868,
              29.81043
            ],
            [
              -90.815458,
              29.810342
            ],
            [
              -90.815431,
              29.810496
            ],
            [
              -90.816037,
              29.81061
            ],
            [
              -90.8162,
              29.809907
            ]
          ]
        ]
      }
    },
    {
      "type": "Feature",
      "properties": {
        "id": 80
      },
      "geometry": {
        "type": "Polygon",
        "coordinates": [
          [
            [
              -90.815974,
              29.81085
            ],
            [
              -90.816018,
              29.810671
            ],
            [
              -90.81588,
              29.810637
            ],
            [
              -90.815847,
              29.810758
            ],
            [
              -90.815695,
              29.810737
            ],
            [
              -90.815459,
              29.810695
            ],
            [
              -90.815457,
              29.810868
            ],
            [
              -90.815798,
              29.810932
            ],
            [
              -90.815974,
              29.81085
            ]
          ]
        ]
      }
    },
    {
      "type": "Feature",
      "properties": {
        "id": 81
      },
      "geometry": {
        "type": "Polygon",
        "coordinates": [
          [
            [
              -90.816727,
              29.812696
            ],
            [
              -90.817004,
              29.811383
            ],
            [
              -90.816053,
              29.811215
            ],
            [
              -90.815776,
              29.812528
            ],
            [
              -90.816727,
              29.812696
            ]
          ]
        ]
      }
    },
    {
      "type": "Feature",
      "properties": {
        "id": 82
      },
      "geometry": {
        "type": "Polygon",
        "coordinates": [
          [
            [
              -90.815686,
              29.812403
            ],
            [
              -90.815808,
              29.812075
            ],
            [
              -90.8156,
              29.812051
            ],
            [
              -90.815527,
              29.812218
            ],
            [
              -90.815249,
              29.812144
            ],
            [
              -90.815301,
              29.811953
            ],
            [
              -90.815097,
              29.811935
            ],
            [
              -90.81503,
              29.812281
            ],
            [
              -90.815686,
              29.812403
            ]
          ]
        ]
      }
    },
    {
      "type": "Feature",
      "properties": {
        "id": 83
      },
      "geometry": {
        "type": "Polygon",
        "coordinates": [
          [
            [
              -90.815444,
              29.81279
            ],
            [
              -90.81513,
              29.812721
            ],
            [
              -90.815169,
              29.812568
            ],
            [
              -90.815505,
              29.8126
            ],
            [
              -90.815636,
              29.812449
            ],
            [
              -90.815063,
              29.812335
            ],
            [
              -90.814962,
              29.812486
            ],
            [
              -90.814898,
              29.812729
            ],
            [
              -90.815005,
              29.812814
            ],
            [
              -90.815417,
              29.812894
            ],
            [
              -90.815444,
              29.81279
            ]
          ]
        ]
      }
    },
    {
      "type": "Feature",
      "properties": {
        "id": 84
      },
      "geometry": {
        "type": "Polygon",
        "coordinates": [
          [
            [
              -90.816476,
              29.814034
            ],
            [
              -90.816639,
              29.813335
            ],
            [
              -90.815726,
              29.813177
            ],
            [
              -90.815544,
              29.813841
            ],
            [
              -90.816476,
              29.814034
            ]
          ]
        ]
      }
    },
    {
      "type": "Feature",
      "properties": {
        "id": 85
      },
      "geometry": {
        "type": "Polygon",
        "coordinates": [
          [
            [
              -90.816039,
              29.814314
            ],
            [
              -90.816096,
              29.8141
            ],
            [
              -90.815497,
              29.813985
            ],
            [
              -90.815434,
              29.814212
            ],
            [
              -90.816039,
              29.814314
            ]
          ]
        ]
      }
    },
    {
      "type": "Feature",
      "properties": {
        "id": 86
      },
      "geometry": {
        "type": "Polygon",
        "coordinates": [
          [
            [
              -90.81532,
              29.813588
            ],
            [
              -90.815391,
              29.813335
            ],
            [
              -90.814837,
              29.813242
            ],
            [
              -90.81479,
              29.813499
            ],
            [
              -90.81532,
              29.813588
            ]
          ]
        ]
      }
    },
    {
      "type": "Feature",
      "properties": {
        "id": 87
      },
      "geometry": {
        "type": "Polygon",
        "coordinates": [
          [
            [
              -90.814045,
              29.820396
            ],
            [
              -90.814089,
              29.820065
            ],
            [
              -90.813511,
              29.819978
            ],
            [
              -90.813563,
              29.819758
            ],
            [
              -90.813981,
              29.8198
            ],
            [
              -90.814169,
              29.819695
            ],
            [
              -90.813936,
              29.819598
            ],
            [
              -90.813635,
              29.819567
            ],
            [
              -90.81343,
              29.819507
            ],
            [
              -90.813302,
              29.819817
            ],
            [
              -90.81321,
              29.820225
            ],
            [
              -90.814045,
              29.820396
            ]
          ]
        ]
      }
    },
    {
      "type": "Feature",
      "properties": {
        "id": 88
      },
      "geometry": {
        "type": "Polygon",
        "coordinates": [
          [
            [
              -90.815658,
              29.815575
            ],
            [
              -90.815849,
              29.814778
            ],
            [
              -90.81526,
              29.814688
            ],
            [
              -90.815082,
              29.8155
            ],
            [
              -90.815658,
              29.815575
            ]
          ]
        ]
      }
    },
    {
      "type": "Feature",
      "properties": {
        "id": 89
      },
      "geometry": {
        "type": "Polygon",
        "coordinates": [
          [
            [
              -90.815458,
              29.811436
            ],
            [
              -90.815534,
              29.811077
            ],
            [
              -90.815784,
              29.811119
            ],
            [
              -90.815699,
              29.811487
            ],
            [
              -90.81582,
              29.811519
            ],
            [
              -90.815905,
              29.811057
            ],
            [
              -90.81541,
              29.810957
            ],
            [
              -90.815312,
              29.811052
            ],
            [
              -90.81516,
              29.811683
            ],
            [
              -90.815216,
              29.811771
            ],
            [
              -90.815368,
              29.811807
            ],
            [
              -90.815458,
              29.811436
            ]
          ]
        ]
      }
    },
    {
      "type": "Feature",
      "properties": {
        "id": 90
      },
      "geometry": {
        "type": "Polygon",
        "coordinates": [
          [
            [
              -90.815713,
              29.811861
            ],
            [
              -90.815719,
              29.811795
            ],
            [
              -90.815494,
              29.811766
            ],
            [
              -90.815479,
              29.81182
            ],
            [
              -90.815713,
              29.811861
            ]
          ]
        ]
      }
    },
    {
      "type": "Feature",
      "properties": {
        "id": 91
      },
      "geometry": {
        "type": "Polygon",
        "coordinates": [
          [
            [
              -90.814559,
              29.814258
            ],
            [
              -90.814784,
              29.814345
            ],
            [
              -90.81521,
              29.814411
            ],
            [
              -90.81528,
              29.814229
            ],
            [
              -90.815117,
              29.814206
            ],
            [
              -90.815078,
              29.814263
            ],
            [
              -90.814793,
              29.814199
            ],
            [
              -90.814849,
              29.813971
            ],
            [
              -90.815122,
              29.814021
            ],
            [
              -90.815122,
              29.813941
            ],
            [
              -90.814627,
              29.813916
            ],
            [
              -90.814559,
              29.814258
            ]
          ]
        ]
      }
    },
    {
      "type": "Feature",
      "properties": {
        "id": 92
      },
      "geometry": {
        "type": "Polygon",
        "coordinates": [
          [
            [
              -90.815068,
              29.815304
            ],
            [
              -90.815079,
              29.81518
            ],
            [
              -90.814419,
              29.815063
            ],
            [
              -90.81439,
              29.815183
            ],
            [
              -90.815068,
              29.815304
            ]
          ]
        ]
      }
    },
    {
      "type": "Feature",
      "properties": {
        "id": 93
      },
      "geometry": {
        "type": "Polygon",
        "coordinates": [
          [
            [
              -90.81503,
              29.81504
            ],
            [
              -90.815065,
              29.814929
            ],
            [
              -90.814442,
              29.814818
            ],
            [
              -90.814397,
              29.814933
            ],
            [
              -90.814887,
              29.815018
            ],
            [
              -90.81503,
              29.81504
            ]
          ]
        ]
      }
    },
    {
      "type": "Feature",
      "properties": {
        "id": 94
      },
      "geometry": {
        "type": "Polygon",
        "coordinates": [
          [
            [
              -90.814897,
              29.816177
            ],
            [
              -90.814933,
              29.816008
            ],
            [
              -90.814243,
              29.815882
            ],
            [
              -90.8142,
              29.816072
            ],
            [
              -90.814897,
              29.816177
            ]
          ]
        ]
      }
    },
    {
      "type": "Feature",
      "properties": {
        "id": 95
      },
      "geometry": {
        "type": "Polygon",
        "coordinates": [
          [
            [
              -90.814435,
              29.816573
            ],
            [
              -90.814502,
              29.816264
            ],
            [
              -90.814098,
              29.816178
            ],
            [
              -90.814025,
              29.816512
            ],
            [
              -90.814435,
              29.816573
            ]
          ]
        ]
      }
    },
    {
      "type": "Feature",
      "properties": {
        "id": 96
      },
      "geometry": {
        "type": "Polygon",
        "coordinates": [
          [
            [
              -90.814662,
              29.817148
            ],
            [
              -90.814448,
              29.817115
            ],
            [
              -90.814306,
              29.817083
            ],
            [
              -90.814248,
              29.817027
            ],
            [
              -90.814276,
              29.81689
            ],
            [
              -90.8147,
              29.816963
            ],
            [
              -90.814736,
              29.816836
            ],
            [
              -90.814397,
              29.816782
            ],
            [
              -90.814026,
              29.816792
            ],
            [
              -90.813962,
              29.81705
            ],
            [
              -90.813957,
              29.817106
            ],
            [
              -90.814219,
              29.817186
            ],
            [
              -90.814621,
              29.817257
            ],
            [
              -90.814662,
              29.817148
            ]
          ]
        ]
      }
    },
    {
      "type": "Feature",
      "properties": {
        "id": 97
      },
      "geometry": {
        "type": "Polygon",
        "coordinates": [
          [
            [
              -90.814078,
              29.8176
            ],
            [
              -90.814122,
              29.817421
            ],
            [
              -90.814425,
              29.817467
            ],
            [
              -90.814455,
              29.817384
            ],
            [
              -90.814137,
              29.817356
            ],
            [
              -90.813893,
              29.817324
            ],
            [
              -90.81384,
              29.81756
            ],
            [
              -90.814078,
              29.8176
            ]
          ]
        ]
      }
    },
    {
      "type": "Feature",
      "properties": {
        "id": 98
      },
      "geometry": {
        "type": "Polygon",
        "coordinates": [
          [
            [
              -90.812387,
              29.819996
            ],
            [
              -90.81242,
              29.819834
            ],
            [
              -90.811852,
              29.819733
            ],
            [
              -90.811822,
              29.819887
            ],
            [
              -90.812387,
              29.819996
            ]
          ]
        ]
      }
    },
    {
      "type": "Feature",
      "properties": {
        "id": 99
      },
      "geometry": {
        "type": "Polygon",
        "coordinates": [
          [
            [
              -90.812435,
              29.819439
            ],
            [
              -90.812494,
              29.819275
            ],
            [
              -90.811493,
              29.81906
            ],
            [
              -90.81123,
              29.819068
            ],
            [
              -90.81116,
              29.819283
            ],
            [
              -90.8113,
              29.819378
            ],
            [
              -90.811666,
              29.819461
            ],
            [
              -90.811747,
              29.819459
            ],
            [
              -90.811799,
              29.819319
            ],
            [
              -90.812435,
              29.819439
            ]
          ]
        ]
      }
    },
    {
      "type": "Feature",
      "properties": {
        "id": 100
      },
      "geometry": {
        "type": "Polygon",
        "coordinates": [
          [
            [
              -90.8215,
              29.803321
            ],
            [
              -90.821777,
              29.803346
            ],
            [
              -90.82186,
              29.80336
            ],
            [
              -90.821867,
              29.803319
            ],
            [
              -90.821834,
              29.803259
            ],
            [
              -90.821665,
              29.803212
            ],
            [
              -90.821734,
              29.802844
            ],
            [
              -90.822061,
              29.802906
            ],
            [
              -90.822156,
              29.802774
            ],
            [
              -90.821637,
              29.802681
            ],
            [
              -90.8215,
              29.803321
            ]
          ]
        ]
      }
    },
    {
      "type": "Feature",
      "properties": {
        "id": 101
      },
      "geometry": {
        "type": "Polygon",
        "coordinates": [
          [
            [
              -90.821636,
              29.80119
            ],
            [
              -90.821808,
              29.801218
            ],
            [
              -90.821906,
              29.800838
            ],
            [
              -90.821694,
              29.800801
            ],
            [
              -90.821636,
              29.80119
            ]
          ]
        ]
      }
    },
    {
      "type": "Feature",
      "properties": {
        "id": 102
      },
      "geometry": {
        "type": "Polygon",
        "coordinates": [
          [
            [
              -90.821615,
              29.799505
            ],
            [
              -90.821377,
              29.799507
            ],
            [
              -90.821375,
              29.799558
            ],
            [
              -90.821627,
              29.799556
            ],
            [
              -90.821615,
              29.799505
            ]
          ]
        ]
      }
    },
    {
      "type": "Feature",
      "properties": {
        "id": 103
      },
      "geometry": {
        "type": "Polygon",
        "coordinates": [
          [
            [
              -90.820235,
              29.799684
            ],
            [
              -90.820342,
              29.799684
            ],
            [
              -90.820317,
              29.799263
            ],
            [
              -90.820218,
              29.799268
            ],
            [
              -90.820235,
              29.799684
            ]
          ]
        ]
      }
    },
    {
      "type": "Feature",
      "properties": {
        "id": 104
      },
      "geometry": {
        "type": "Polygon",
        "coordinates": [
          [
            [
              -90.820601,
              29.799235
            ],
            [
              -90.820328,
              29.799266
            ],
            [
              -90.82033,
              29.799321
            ],
            [
              -90.820611,
              29.799313
            ],
            [
              -90.820601,
              29.799235
            ]
          ]
        ]
      }
    },
    {
      "type": "Feature",
      "properties": {
        "id": 105
      },
      "geometry": {
        "type": "Polygon",
        "coordinates": [
          [
            [
              -90.818114,
              29.805383
            ],
            [
              -90.817887,
              29.805336
            ],
            [
              -90.817861,
              29.805495
            ],
            [
              -90.818075,
              29.805526
            ],
            [
              -90.818114,
              29.805383
            ]
          ]
        ]
      }
    },
    {
      "type": "Feature",
      "properties": {
        "id": 106
      },
      "geometry": {
        "type": "Polygon",
        "coordinates": [
          [
            [
              -90.818124,
              29.805958
            ],
            [
              -90.818204,
              29.805625
            ],
            [
              -90.818062,
              29.805591
            ],
            [
              -90.817952,
              29.806074
            ],
            [
              -90.818248,
              29.80613
            ],
            [
              -90.818283,
              29.805999
            ],
            [
              -90.818124,
              29.805958
            ]
          ]
        ]
      }
    },
    {
      "type": "Feature",
      "properties": {
        "id": 107
      },
      "geometry": {
        "type": "Polygon",
        "coordinates": [
          [
            [
              -90.815317,
              29.798173
            ],
            [
              -90.815398,
              29.797511
            ],
            [
              -90.815213,
              29.797494
            ],
            [
              -90.815012,
              29.798291
            ],
            [
              -90.815569,
              29.798361
            ],
            [
              -90.815742,
              29.798396
            ],
            [
              -90.815749,
              29.798241
            ],
            [
              -90.815569,
              29.798233
            ],
            [
              -90.815549,
              29.798278
            ],
            [
              -90.815434,
              29.798272
            ],
            [
              -90.815449,
              29.798213
            ],
            [
              -90.815317,
              29.798173
            ]
          ]
        ]
      }
    },
    {
      "type": "Feature",
      "properties": {
        "id": 108
      },
      "geometry": {
        "type": "Polygon",
        "coordinates": [
          [
            [
              -90.815663,
              29.797536
            ],
            [
              -90.815689,
              29.797178
            ],
            [
              -90.815521,
              29.797115
            ],
            [
              -90.8155,
              29.797233
            ],
            [
              -90.815372,
              29.79721
            ],
            [
              -90.815416,
              29.797002
            ],
            [
              -90.815106,
              29.796959
            ],
            [
              -90.815048,
              29.797243
            ],
            [
              -90.815194,
              29.797318
            ],
            [
              -90.815345,
              29.797348
            ],
            [
              -90.815299,
              29.797493
            ],
            [
              -90.815663,
              29.797536
            ]
          ]
        ]
      }
    },
    {
      "type": "Feature",
      "properties": {
        "id": 109
      },
      "geometry": {
        "type": "Polygon",
        "coordinates": [
          [
            [
              -90.814919,
              29.798084
            ],
            [
              -90.814951,
              29.797965
            ],
            [
              -90.814761,
              29.797938
            ],
            [
              -90.814718,
              29.798056
            ],
            [
              -90.814919,
              29.798084
            ]
          ]
        ]
      }
    },
    {
      "type": "Feature",
      "properties": {
        "id": 110
      },
      "geometry": {
        "type": "Polygon",
        "coordinates": [
          [
            [
              -90.815144,
              29.797505
            ],
            [
              -90.815166,
              29.797398
            ],
            [
              -90.814866,
              29.797356
            ],
            [
              -90.814823,
              29.797468
            ],
            [
              -90.814962,
              29.7975
            ],
            [
              -90.815144,
              29.797505
            ]
          ]
        ]
      }
    },
    {
      "type": "Feature",
      "properties": {
        "id": 111
      },
      "geometry": {
        "type": "Polygon",
        "coordinates": [
          [
            [
              -90.808314,
              29.797015
            ],
            [
              -90.808644,
              29.797037
            ],
            [
              -90.808878,
              29.796375
            ],
            [
              -90.808536,
              29.796287
            ],
            [
              -90.808314,
              29.797015
            ]
          ]
        ]
      }
    },
    {
      "type": "Feature",
      "properties": {
        "id": 112
      },
      "geometry": {
        "type": "Polygon",
        "coordinates": [
          [
            [
              -90.808999,
              29.797084
            ],
            [
              -90.809203,
              29.796401
            ],
            [
              -90.80896,
              29.796397
            ],
            [
              -90.80893,
              29.7965
            ],
            [
              -90.808758,
              29.797025
            ],
            [
              -90.808999,
              29.797084
            ]
          ]
        ]
      }
    },
    {
      "type": "Feature",
      "properties": {
        "id": 113
      },
      "geometry": {
        "type": "Polygon",
        "coordinates": [
          [
            [
              -90.809449,
              29.794322
            ],
            [
              -90.809599,
              29.793854
            ],
            [
              -90.809222,
              29.793767
            ],
            [
              -90.809078,
              29.79425
            ],
            [
              -90.809449,
              29.794322
            ]
          ]
        ]
      }
    },
    {
      "type": "Feature",
      "properties": {
        "id": 114
      },
      "geometry": {
        "type": "Polygon",
        "coordinates": [
          [
            [
              -90.810487,
              29.792393
            ],
            [
              -90.810533,
              29.792059
            ],
            [
              -90.81056,
              29.791961
            ],
            [
              -90.810721,
              29.79198
            ],
            [
              -90.810846,
              29.791984
            ],
            [
              -90.810868,
              29.791905
            ],
            [
              -90.810582,
              29.791869
            ],
            [
              -90.809846,
              29.791784
            ],
            [
              -90.809788,
              29.792303
            ],
            [
              -90.810487,
              29.792393
            ]
          ]
        ]
      }
    },
    {
      "type": "Feature",
      "properties": {
        "id": 115
      },
      "geometry": {
        "type": "Polygon",
        "coordinates": [
          [
            [
              -90.809952,
              29.791507
            ],
            [
              -90.810291,
              29.791252
            ],
            [
              -90.810357,
              29.791031
            ],
            [
              -90.810504,
              29.791008
            ],
            [
              -90.810647,
              29.790578
            ],
            [
              -90.810284,
              29.790484
            ],
            [
              -90.809952,
              29.791507
            ]
          ]
        ]
      }
    },
    {
      "type": "Feature",
      "properties": {
        "id": 116
      },
      "geometry": {
        "type": "Polygon",
        "coordinates": [
          [
            [
              -90.808996,
              29.791875
            ],
            [
              -90.80906,
              29.79163
            ],
            [
              -90.8085,
              29.791493
            ],
            [
              -90.808424,
              29.791782
            ],
            [
              -90.808996,
              29.791875
            ]
          ]
        ]
      }
    },
    {
      "type": "Feature",
      "properties": {
        "id": 117
      },
      "geometry": {
        "type": "Polygon",
        "coordinates": [
          [
            [
              -90.812681,
              29.789834
            ],
            [
              -90.812936,
              29.788896
            ],
            [
              -90.812596,
              29.788854
            ],
            [
              -90.812371,
              29.789776
            ],
            [
              -90.812681,
              29.789834
            ]
          ]
        ]
      }
    },
    {
      "type": "Feature",
      "properties": {
        "id": 118
      },
      "geometry": {
        "type": "Polygon",
        "coordinates": [
          [
            [
              -90.813425,
              29.788817
            ],
            [
              -90.813504,
              29.788355
            ],
            [
              -90.81291,
              29.788246
            ],
            [
              -90.812799,
              29.788704
            ],
            [
              -90.813425,
              29.788817
            ]
          ]
        ]
      }
    },
    {
      "type": "Feature",
      "properties": {
        "id": 119
      },
      "geometry": {
        "type": "Polygon",
        "coordinates": [
          [
            [
              -90.814407,
              29.79327
            ],
            [
              -90.814468,
              29.793004
            ],
            [
              -90.814025,
              29.792924
            ],
            [
              -90.813959,
              29.793189
            ],
            [
              -90.814407,
              29.79327
            ]
          ]
        ]
      }
    },
    {
      "type": "Feature",
      "properties": {
        "id": 120
      },
      "geometry": {
        "type": "Polygon",
        "coordinates": [
          [
            [
              -90.813896,
              29.793035
            ],
            [
              -90.813928,
              29.792824
            ],
            [
              -90.813451,
              29.792758
            ],
            [
              -90.813443,
              29.792918
            ],
            [
              -90.813896,
              29.793035
            ]
          ]
        ]
      }
    },
    {
      "type": "Feature",
      "properties": {
        "id": 121
      },
      "geometry": {
        "type": "Polygon",
        "coordinates": [
          [
            [
              -90.813598,
              29.792478
            ],
            [
              -90.813445,
              29.792448
            ],
            [
              -90.813358,
              29.792765
            ],
            [
              -90.813524,
              29.792752
            ],
            [
              -90.813598,
              29.792478
            ]
          ]
        ]
      }
    },
    {
      "type": "Feature",
      "properties": {
        "id": 122
      },
      "geometry": {
        "type": "Polygon",
        "coordinates": [
          [
            [
              -90.81292,
              29.792677
            ],
            [
              -90.813013,
              29.792367
            ],
            [
              -90.812893,
              29.792352
            ],
            [
              -90.812818,
              29.792662
            ],
            [
              -90.81292,
              29.792677
            ]
          ]
        ]
      }
    },
    {
      "type": "Feature",
      "properties": {
        "id": 123
      },
      "geometry": {
        "type": "Polygon",
        "coordinates": [
          [
            [
              -90.814074,
              29.792316
            ],
            [
              -90.81419,
              29.791941
            ],
            [
              -90.814005,
              29.791929
            ],
            [
              -90.81389,
              29.792285
            ],
            [
              -90.814074,
              29.792316
            ]
          ]
        ]
      }
    },
    {
      "type": "Feature",
      "properties": {
        "id": 124
      },
      "geometry": {
        "type": "Polygon",
        "coordinates": [
          [
            [
              -90.81895,
              29.79317
            ],
            [
              -90.81918,
              29.793245
            ],
            [
              -90.819303,
              29.793182
            ],
            [
              -90.81942,
              29.792984
            ],
            [
              -90.819337,
              29.792926
            ],
            [
              -90.81949,
              29.792682
            ],
            [
              -90.819212,
              29.792576
            ],
            [
              -90.81895,
              29.79317
            ]
          ]
        ]
      }
    },
    {
      "type": "Feature",
      "properties": {
        "id": 125
      },
      "geometry": {
        "type": "Polygon",
        "coordinates": [
          [
            [
              -90.820189,
              29.792909
            ],
            [
              -90.820021,
              29.792851
            ],
            [
              -90.819904,
              29.793064
            ],
            [
              -90.820103,
              29.79312
            ],
            [
              -90.820189,
              29.792909
            ]
          ]
        ]
      }
    },
    {
      "type": "Feature",
      "properties": {
        "id": 126
      },
      "geometry": {
        "type": "Polygon",
        "coordinates": [
          [
            [
              -90.820822,
              29.791033
            ],
            [
              -90.820879,
              29.790912
            ],
            [
              -90.820573,
              29.790806
            ],
            [
              -90.820463,
              29.790869
            ],
            [
              -90.820362,
              29.791064
            ],
            [
              -90.820494,
              29.791104
            ],
            [
              -90.820576,
              29.790947
            ],
            [
              -90.820822,
              29.791033
            ]
          ]
        ]
      }
    },
    {
      "type": "Feature",
      "properties": {
        "id": 127
      },
      "geometry": {
        "type": "Polygon",
        "coordinates": [
          [
            [
              -90.821049,
              29.791138
            ],
            [
              -90.820906,
              29.79109
            ],
            [
              -90.820831,
              29.791241
            ],
            [
              -90.82097,
              29.791287
            ],
            [
              -90.821049,
              29.791138
            ]
          ]
        ]
      }
    },
    {
      "type": "Feature",
      "properties": {
        "id": 128
      },
      "geometry": {
        "type": "Polygon",
        "coordinates": [
          [
            [
              -90.821204,
              29.79088
            ],
            [
              -90.821324,
              29.790619
            ],
            [
              -90.821082,
              29.790537
            ],
            [
              -90.820943,
              29.790773
            ],
            [
              -90.821071,
              29.790841
            ],
            [
              -90.821204,
              29.79088
            ]
          ]
        ]
      }
    },
    {
      "type": "Feature",
      "properties": {
        "id": 129
      },
      "geometry": {
        "type": "Polygon",
        "coordinates": [
          [
            [
              -90.820876,
              29.790744
            ],
            [
              -90.820923,
              29.790646
            ],
            [
              -90.820431,
              29.790462
            ],
            [
              -90.820504,
              29.790303
            ],
            [
              -90.820422,
              29.790274
            ],
            [
              -90.820345,
              29.790184
            ],
            [
              -90.820193,
              29.790514
            ],
            [
              -90.820876,
              29.790744
            ]
          ]
        ]
      }
    },
    {
      "type": "Feature",
      "properties": {
        "id": 130
      },
      "geometry": {
        "type": "Polygon",
        "coordinates": [
          [
            [
              -90.823999,
              29.787523
            ],
            [
              -90.823834,
              29.786769
            ],
            [
              -90.823076,
              29.786897
            ],
            [
              -90.823306,
              29.787327
            ],
            [
              -90.823443,
              29.787447
            ],
            [
              -90.823999,
              29.787523
            ]
          ]
        ]
      }
    },
    {
      "type": "Feature",
      "properties": {
        "id": 131
      },
      "geometry": {
        "type": "Polygon",
        "coordinates": [
          [
            [
              -90.822451,
              29.788124
            ],
            [
              -90.822518,
              29.787965
            ],
            [
              -90.822146,
              29.787839
            ],
            [
              -90.822018,
              29.787978
            ],
            [
              -90.822451,
              29.788124
            ]
          ]
        ]
      }
    },
    {
      "type": "Feature",
      "properties": {
        "id": 132
      },
      "geometry": {
        "type": "Polygon",
        "coordinates": [
          [
            [
              -90.821765,
              29.788287
            ],
            [
              -90.821826,
              29.788139
            ],
            [
              -90.821395,
              29.787952
            ],
            [
              -90.821301,
              29.788127
            ],
            [
              -90.821765,
              29.788287
            ]
          ]
        ]
      }
    },
    {
      "type": "Feature",
      "properties": {
        "id": 133
      },
      "geometry": {
        "type": "Polygon",
        "coordinates": [
          [
            [
              -90.821896,
              29.788838
            ],
            [
              -90.821957,
              29.788714
            ],
            [
              -90.82165,
              29.788609
            ],
            [
              -90.821574,
              29.78875
            ],
            [
              -90.821896,
              29.788838
            ]
          ]
        ]
      }
    },
    {
      "type": "Feature",
      "properties": {
        "id": 134
      },
      "geometry": {
        "type": "Polygon",
        "coordinates": [
          [
            [
              -90.833415,
              29.796323
            ],
            [
              -90.833513,
              29.795984
            ],
            [
              -90.833071,
              29.795881
            ],
            [
              -90.83296,
              29.795978
            ],
            [
              -90.832874,
              29.796272
            ],
            [
              -90.833294,
              29.796353
            ],
            [
              -90.833415,
              29.796323
            ]
          ]
        ]
      }
    },
    {
      "type": "Feature",
      "properties": {
        "id": 135
      },
      "geometry": {
        "type": "Polygon",
        "coordinates": [
          [
            [
              -90.833,
              29.795517
            ],
            [
              -90.8331,
              29.795131
            ],
            [
              -90.832806,
              29.795088
            ],
            [
              -90.832698,
              29.795478
            ],
            [
              -90.833,
              29.795517
            ]
          ]
        ]
      }
    },
    {
      "type": "Feature",
      "properties": {
        "id": 136
      },
      "geometry": {
        "type": "Polygon",
        "coordinates": [
          [
            [
              -90.832317,
              29.796877
            ],
            [
              -90.832438,
              29.796446
            ],
            [
              -90.832122,
              29.796385
            ],
            [
              -90.832083,
              29.796514
            ],
            [
              -90.832277,
              29.796587
            ],
            [
              -90.832241,
              29.796726
            ],
            [
              -90.832168,
              29.796852
            ],
            [
              -90.832317,
              29.796877
            ]
          ]
        ]
      }
    },
    {
      "type": "Feature",
      "properties": {
        "id": 137
      },
      "geometry": {
        "type": "Polygon",
        "coordinates": [
          [
            [
              -90.832609,
              29.796943
            ],
            [
              -90.832641,
              29.79682
            ],
            [
              -90.832358,
              29.796767
            ],
            [
              -90.832319,
              29.796891
            ],
            [
              -90.832609,
              29.796943
            ]
          ]
        ]
      }
    },
    {
      "type": "Feature",
      "properties": {
        "id": 138
      },
      "geometry": {
        "type": "Polygon",
        "coordinates": [
          [
            [
              -90.831467,
              29.797155
            ],
            [
              -90.831518,
              29.796907
            ],
            [
              -90.831421,
              29.79689
            ],
            [
              -90.831349,
              29.797123
            ],
            [
              -90.831467,
              29.797155
            ]
          ]
        ]
      }
    },
    {
      "type": "Feature",
      "properties": {
        "id": 139
      },
      "geometry": {
        "type": "Polygon",
        "coordinates": [
          [
            [
              -90.831082,
              29.797052
            ],
            [
              -90.831163,
              29.796827
            ],
            [
              -90.830991,
              29.796788
            ],
            [
              -90.830913,
              29.797009
            ],
            [
              -90.831082,
              29.797052
            ]
          ]
        ]
      }
    },
    {
      "type": "Feature",
      "properties": {
        "id": 140
      },
      "geometry": {
        "type": "Polygon",
        "coordinates": [
          [
            [
              -90.830815,
              29.79691
            ],
            [
              -90.830866,
              29.796756
            ],
            [
              -90.830606,
              29.796703
            ],
            [
              -90.830559,
              29.79686
            ],
            [
              -90.830815,
              29.79691
            ]
          ]
        ]
      }
    },
    {
      "type": "Feature",
      "properties": {
        "id": 141
      },
      "geometry": {
        "type": "Polygon",
        "coordinates": [
          [
            [
              -90.830505,
              29.796898
            ],
            [
              -90.830552,
              29.796729
            ],
            [
              -90.830232,
              29.796661
            ],
            [
              -90.830186,
              29.796851
            ],
            [
              -90.830505,
              29.796898
            ]
          ]
        ]
      }
    },
    {
      "type": "Feature",
      "properties": {
        "id": 142
      },
      "geometry": {
        "type": "Polygon",
        "coordinates": [
          [
            [
              -90.829655,
              29.79686
            ],
            [
              -90.829757,
              29.796724
            ],
            [
              -90.829877,
              29.796693
            ],
            [
              -90.82998,
              29.796696
            ],
            [
              -90.830017,
              29.79657
            ],
            [
              -90.829457,
              29.796491
            ],
            [
              -90.829433,
              29.796834
            ],
            [
              -90.829655,
              29.79686
            ]
          ]
        ]
      }
    },
    {
      "type": "Feature",
      "properties": {
        "id": 143
      },
      "geometry": {
        "type": "Polygon",
        "coordinates": [
          [
            [
              -90.828802,
              29.796455
            ],
            [
              -90.82882,
              29.796343
            ],
            [
              -90.828507,
              29.796352
            ],
            [
              -90.828474,
              29.796745
            ],
            [
              -90.828611,
              29.796747
            ],
            [
              -90.828637,
              29.796446
            ],
            [
              -90.828802,
              29.796455
            ]
          ]
        ]
      }
    },
    {
      "type": "Feature",
      "properties": {
        "id": 144
      },
      "geometry": {
        "type": "Polygon",
        "coordinates": [
          [
            [
              -90.828442,
              29.796813
            ],
            [
              -90.828451,
              29.796705
            ],
            [
              -90.828483,
              29.796447
            ],
            [
              -90.828388,
              29.796473
            ],
            [
              -90.828359,
              29.796695
            ],
            [
              -90.828204,
              29.796682
            ],
            [
              -90.828219,
              29.796557
            ],
            [
              -90.828219,
              29.796411
            ],
            [
              -90.828167,
              29.796407
            ],
            [
              -90.828123,
              29.796755
            ],
            [
              -90.828442,
              29.796813
            ]
          ]
        ]
      }
    },
    {
      "type": "Feature",
      "properties": {
        "id": 145
      },
      "geometry": {
        "type": "Polygon",
        "coordinates": [
          [
            [
              -90.826474,
              29.796465
            ],
            [
              -90.826504,
              29.796259
            ],
            [
              -90.82641,
              29.796257
            ],
            [
              -90.826378,
              29.796459
            ],
            [
              -90.826474,
              29.796465
            ]
          ]
        ]
      }
    },
    {
      "type": "Feature",
      "properties": {
        "id": 146
      },
      "geometry": {
        "type": "Polygon",
        "coordinates": [
          [
            [
              -90.826225,
              29.796432
            ],
            [
              -90.826255,
              29.796189
            ],
            [
              -90.826151,
              29.796169
            ],
            [
              -90.826111,
              29.796426
            ],
            [
              -90.826225,
              29.796432
            ]
          ]
        ]
      }
    },
    {
      "type": "Feature",
      "properties": {
        "id": 147
      },
      "geometry": {
        "type": "Polygon",
        "coordinates": [
          [
            [
              -90.82462,
              29.795126
            ],
            [
              -90.82463,
              29.794996
            ],
            [
              -90.824357,
              29.794979
            ],
            [
              -90.824338,
              29.795118
            ],
            [
              -90.82462,
              29.795126
            ]
          ]
        ]
      }
    },
    {
      "type": "Feature",
      "properties": {
        "id": 148
      },
      "geometry": {
        "type": "Polygon",
        "coordinates": [
          [
            [
              -90.849424,
              29.801378
            ],
            [
              -90.847239,
              29.800634
            ],
            [
              -90.846827,
              29.801504
            ],
            [
              -90.847754,
              29.801806
            ],
            [
              -90.847975,
              29.801373
            ],
            [
              -90.849198,
              29.801725
            ],
            [
              -90.849424,
              29.801378
            ]
          ]
        ]
      }
    },
    {
      "type": "Feature",
      "properties": {
        "id": 149
      },
      "geometry": {
        "type": "Polygon",
        "coordinates": [
          [
            [
              -90.848166,
              29.801904
            ],
            [
              -90.848302,
              29.80157
            ],
            [
              -90.848138,
              29.801525
            ],
            [
              -90.848,
              29.801804
            ],
            [
              -90.847831,
              29.801753
            ],
            [
              -90.847773,
              29.801847
            ],
            [
              -90.848108,
              29.801955
            ],
            [
              -90.848166,
              29.801904
            ]
          ]
        ]
      }
    },
    {
      "type": "Feature",
      "properties": {
        "id": 150
      },
      "geometry": {
        "type": "Polygon",
        "coordinates": [
          [
            [
              -90.848482,
              29.802056
            ],
            [
              -90.848678,
              29.801599
            ],
            [
              -90.848501,
              29.801542
            ],
            [
              -90.848299,
              29.801993
            ],
            [
              -90.848482,
              29.802056
            ]
          ]
        ]
      }
    },
    {
      "type": "Feature",
      "properties": {
        "id": 151
      },
      "geometry": {
        "type": "Polygon",
        "coordinates": [
          [
            [
              -90.848867,
              29.802162
            ],
            [
              -90.848944,
              29.802099
            ],
            [
              -90.848531,
              29.801986
            ],
            [
              -90.848498,
              29.802094
            ],
            [
              -90.848781,
              29.8022
            ],
            [
              -90.848867,
              29.802162
            ]
          ]
        ]
      }
    },
    {
      "type": "Feature",
      "properties": {
        "id": 152
      },
      "geometry": {
        "type": "Polygon",
        "coordinates": [
          [
            [
              -90.846783,
              29.80152
            ],
            [
              -90.846898,
              29.801276
            ],
            [
              -90.84651,
              29.801141
            ],
            [
              -90.846405,
              29.801397
            ],
            [
              -90.846783,
              29.80152
            ]
          ]
        ]
      }
    },
    {
      "type": "Feature",
      "properties": {
        "id": 153
      },
      "geometry": {
        "type": "Polygon",
        "coordinates": [
          [
            [
              -90.84636,
              29.801347
            ],
            [
              -90.846415,
              29.801246
            ],
            [
              -90.846221,
              29.801178
            ],
            [
              -90.846363,
              29.800613
            ],
            [
              -90.846226,
              29.800596
            ],
            [
              -90.846163,
              29.800958
            ],
            [
              -90.846041,
              29.801222
            ],
            [
              -90.84636,
              29.801347
            ]
          ]
        ]
      }
    },
    {
      "type": "Feature",
      "properties": {
        "id": 154
      },
      "geometry": {
        "type": "Polygon",
        "coordinates": [
          [
            [
              -90.846706,
              29.800148
            ],
            [
              -90.846781,
              29.800011
            ],
            [
              -90.84654,
              29.799907
            ],
            [
              -90.846449,
              29.800071
            ],
            [
              -90.846706,
              29.800148
            ]
          ]
        ]
      }
    },
    {
      "type": "Feature",
      "properties": {
        "id": 155
      },
      "geometry": {
        "type": "Polygon",
        "coordinates": [
          [
            [
              -90.84767,
              29.800656
            ],
            [
              -90.847265,
              29.800526
            ],
            [
              -90.847218,
              29.80062
            ],
            [
              -90.847631,
              29.80076
            ],
            [
              -90.84767,
              29.800656
            ]
          ]
        ]
      }
    },
    {
      "type": "Feature",
      "properties": {
        "id": 156
      },
      "geometry": {
        "type": "Polygon",
        "coordinates": [
          [
            [
              -90.840215,
              29.799027
            ],
            [
              -90.840435,
              29.798434
            ],
            [
              -90.839922,
              29.798251
            ],
            [
              -90.839691,
              29.798823
            ],
            [
              -90.840215,
              29.799027
            ]
          ]
        ]
      }
    },
    {
      "type": "Feature",
      "properties": {
        "id": 157
      },
      "geometry": {
        "type": "Polygon",
        "coordinates": [
          [
            [
              -90.838492,
              29.798383
            ],
            [
              -90.83879,
              29.797691
            ],
            [
              -90.838757,
              29.79751
            ],
            [
              -90.838328,
              29.797393
            ],
            [
              -90.838213,
              29.797585
            ],
            [
              -90.838145,
              29.797799
            ],
            [
              -90.838276,
              29.797831
            ],
            [
              -90.83837,
              29.797558
            ],
            [
              -90.838588,
              29.797619
            ],
            [
              -90.838499,
              29.797894
            ],
            [
              -90.838415,
              29.797921
            ],
            [
              -90.838267,
              29.79832
            ],
            [
              -90.838492,
              29.798383
            ]
          ]
        ]
      }
    },
    {
      "type": "Feature",
      "properties": {
        "id": 158
      },
      "geometry": {
        "type": "Polygon",
        "coordinates": [
          [
            [
              -90.8389,
              29.797459
            ],
            [
              -90.838353,
              29.797304
            ],
            [
              -90.838344,
              29.797371
            ],
            [
              -90.838846,
              29.797516
            ],
            [
              -90.8389,
              29.797459
            ]
          ]
        ]
      }
    },
    {
      "type": "Feature",
      "properties": {
        "id": 159
      },
      "geometry": {
        "type": "Polygon",
        "coordinates": [
          [
            [
              -90.838019,
              29.798083
            ],
            [
              -90.837728,
              29.797998
            ],
            [
              -90.837665,
              29.798169
            ],
            [
              -90.837959,
              29.798257
            ],
            [
              -90.838019,
              29.798083
            ]
          ]
        ]
      }
    },
    {
      "type": "Feature",
      "properties": {
        "id": 160
      },
      "geometry": {
        "type": "Polygon",
        "coordinates": [
          [
            [
              -90.838207,
              29.798671
            ],
            [
              -90.838381,
              29.798735
            ],
            [
              -90.83851,
              29.798657
            ],
            [
              -90.837988,
              29.798497
            ],
            [
              -90.837949,
              29.798597
            ],
            [
              -90.838207,
              29.798671
            ]
          ]
        ]
      }
    },
    {
      "type": "Feature",
      "properties": {
        "id": 161
      },
      "geometry": {
        "type": "Polygon",
        "coordinates": [
          [
            [
              -90.838637,
              29.799204
            ],
            [
              -90.838824,
              29.798759
            ],
            [
              -90.838547,
              29.798677
            ],
            [
              -90.838499,
              29.798798
            ],
            [
              -90.838666,
              29.79886
            ],
            [
              -90.838508,
              29.799189
            ],
            [
              -90.838637,
              29.799204
            ]
          ]
        ]
      }
    },
    {
      "type": "Feature",
      "properties": {
        "id": 162
      },
      "geometry": {
        "type": "Polygon",
        "coordinates": [
          [
            [
              -90.840028,
              29.799179
            ],
            [
              -90.839924,
              29.799305
            ],
            [
              -90.84001,
              29.799345
            ],
            [
              -90.839943,
              29.799464
            ],
            [
              -90.840182,
              29.799511
            ],
            [
              -90.840225,
              29.799464
            ],
            [
              -90.840344,
              29.79952
            ],
            [
              -90.8404,
              29.799427
            ],
            [
              -90.840436,
              29.799387
            ],
            [
              -90.840028,
              29.799179
            ]
          ]
        ]
      }
    },
    {
      "type": "Feature",
      "properties": {
        "id": 163
      },
      "geometry": {
        "type": "Polygon",
        "coordinates": [
          [
            [
              -90.820705,
              29.796161
            ],
            [
              -90.820698,
              29.795918
            ],
            [
              -90.820594,
              29.795914
            ],
            [
              -90.820615,
              29.796176
            ],
            [
              -90.820705,
              29.796161
            ]
          ]
        ]
      }
    },
    {
      "type": "Feature",
      "properties": {
        "id": 164
      },
      "geometry": {
        "type": "Polygon",
        "coordinates": [
          [
            [
              -90.820527,
              29.797102
            ],
            [
              -90.820537,
              29.797008
            ],
            [
              -90.820307,
              29.797022
            ],
            [
              -90.820321,
              29.797118
            ],
            [
              -90.820527,
              29.797102
            ]
          ]
        ]
      }
    },
    {
      "type": "Feature",
      "properties": {
        "id": 165
      },
      "geometry": {
        "type": "Polygon",
        "coordinates": [
          [
            [
              -90.817846,
              29.798756
            ],
            [
              -90.817619,
              29.798739
            ],
            [
              -90.817616,
              29.798812
            ],
            [
              -90.817827,
              29.798834
            ],
            [
              -90.817846,
              29.798756
            ]
          ]
        ]
      }
    },
    {
      "type": "Feature",
      "properties": {
        "id": 166
      },
      "geometry": {
        "type": "Polygon",
        "coordinates": [
          [
            [
              -90.81765,
              29.799896
            ],
            [
              -90.817684,
              29.799706
            ],
            [
              -90.81757,
              29.799587
            ],
            [
              -90.817237,
              29.79958
            ],
            [
              -90.817155,
              29.799684
            ],
            [
              -90.817549,
              29.799708
            ],
            [
              -90.817507,
              29.7999
            ],
            [
              -90.81765,
              29.799896
            ]
          ]
        ]
      }
    },
    {
      "type": "Feature",
      "properties": {
        "id": 167
      },
      "geometry": {
        "type": "Polygon",
        "coordinates": [
          [
            [
              -90.816891,
              29.799905
            ],
            [
              -90.81698,
              29.799572
            ],
            [
              -90.816803,
              29.799535
            ],
            [
              -90.816759,
              29.799859
            ],
            [
              -90.816891,
              29.799905
            ]
          ]
        ]
      }
    },
    {
      "type": "Feature",
      "properties": {
        "id": 168
      },
      "geometry": {
        "type": "Polygon",
        "coordinates": [
          [
            [
              -90.81673,
              29.79971
            ],
            [
              -90.816755,
              29.799534
            ],
            [
              -90.816495,
              29.799507
            ],
            [
              -90.816463,
              29.79962
            ],
            [
              -90.816634,
              29.799653
            ],
            [
              -90.816625,
              29.7997
            ],
            [
              -90.81673,
              29.79971
            ]
          ]
        ]
      }
    },
    {
      "type": "Feature",
      "properties": {
        "id": 169
      },
      "geometry": {
        "type": "Polygon",
        "coordinates": [
          [
            [
              -90.816675,
              29.7999
            ],
            [
              -90.816696,
              29.799828
            ],
            [
              -90.816446,
              29.799791
            ],
            [
              -90.816428,
              29.799886
            ],
            [
              -90.816655,
              29.799919
            ],
            [
              -90.816675,
              29.7999
            ]
          ]
        ]
      }
    },
    {
      "type": "Feature",
      "properties": {
        "id": 170
      },
      "geometry": {
        "type": "Polygon",
        "coordinates": [
          [
            [
              -90.816225,
              29.799712
            ],
            [
              -90.816296,
              29.79944
            ],
            [
              -90.816154,
              29.799426
            ],
            [
              -90.81611,
              29.799686
            ],
            [
              -90.816225,
              29.799712
            ]
          ]
        ]
      }
    },
    {
      "type": "Feature",
      "properties": {
        "id": 171
      },
      "geometry": {
        "type": "Polygon",
        "coordinates": [
          [
            [
              -90.81608,
              29.799743
            ],
            [
              -90.816142,
              29.799403
            ],
            [
              -90.815996,
              29.799372
            ],
            [
              -90.815982,
              29.799426
            ],
            [
              -90.816015,
              29.799434
            ],
            [
              -90.815996,
              29.799553
            ],
            [
              -90.815961,
              29.799635
            ],
            [
              -90.815909,
              29.79963
            ],
            [
              -90.81588,
              29.799732
            ],
            [
              -90.81608,
              29.799743
            ]
          ]
        ]
      }
    },
    {
      "type": "Feature",
      "properties": {
        "id": 172
      },
      "geometry": {
        "type": "Polygon",
        "coordinates": [
          [
            [
              -90.815722,
              29.799745
            ],
            [
              -90.81577,
              29.799597
            ],
            [
              -90.815469,
              29.799528
            ],
            [
              -90.815427,
              29.799671
            ],
            [
              -90.815722,
              29.799745
            ]
          ]
        ]
      }
    },
    {
      "type": "Feature",
      "properties": {
        "id": 173
      },
      "geometry": {
        "type": "Polygon",
        "coordinates": [
          [
            [
              -90.809019,
              29.795162
            ],
            [
              -90.808901,
              29.795189
            ],
            [
              -90.808896,
              29.795277
            ],
            [
              -90.809361,
              29.795363
            ],
            [
              -90.809382,
              29.795219
            ],
            [
              -90.809019,
              29.795162
            ]
          ]
        ]
      }
    },
    {
      "type": "Feature",
      "properties": {
        "id": 174
      },
      "geometry": {
        "type": "Polygon",
        "coordinates": [
          [
            [
              -90.811139,
              29.793411
            ],
            [
              -90.811231,
              29.793056
            ],
            [
              -90.811152,
              29.793035
            ],
            [
              -90.811107,
              29.793235
            ],
            [
              -90.810826,
              29.793199
            ],
            [
              -90.810777,
              29.793336
            ],
            [
              -90.811139,
              29.793411
            ]
          ]
        ]
      }
    },
    {
      "type": "Feature",
      "properties": {
        "id": 175
      },
      "geometry": {
        "type": "Polygon",
        "coordinates": [
          [
            [
              -90.817085,
              29.814316
            ],
            [
              -90.816572,
              29.814219
            ],
            [
              -90.816561,
              29.81428
            ],
            [
              -90.817081,
              29.814373
            ],
            [
              -90.817085,
              29.814316
            ]
          ]
        ]
      }
    },
    {
      "type": "Feature",
      "properties": {
        "id": 176
      },
      "geometry": {
        "type": "Polygon",
        "coordinates": [
          [
            [
              -90.817331,
              29.81425
            ],
            [
              -90.816609,
              29.814111
            ],
            [
              -90.81658,
              29.814172
            ],
            [
              -90.817309,
              29.814316
            ],
            [
              -90.817331,
              29.81425
            ]
          ]
        ]
      }
    },
    {
      "type": "Feature",
      "properties": {
        "id": 177
      },
      "geometry": {
        "type": "Polygon",
        "coordinates": [
          [
            [
              -90.815106,
              29.814796
            ],
            [
              -90.814447,
              29.814677
            ],
            [
              -90.814435,
              29.814779
            ],
            [
              -90.815086,
              29.814885
            ],
            [
              -90.815106,
              29.814796
            ]
          ]
        ]
      }
    },
    {
      "type": "Feature",
      "properties": {
        "id": 178
      },
      "geometry": {
        "type": "Polygon",
        "coordinates": [
          [
            [
              -90.814562,
              29.815632
            ],
            [
              -90.814246,
              29.815578
            ],
            [
              -90.814207,
              29.815801
            ],
            [
              -90.814559,
              29.815856
            ],
            [
              -90.814612,
              29.815733
            ],
            [
              -90.814533,
              29.815709
            ],
            [
              -90.814562,
              29.815632
            ]
          ]
        ]
      }
    },
    {
      "type": "Feature",
      "properties": {
        "id": 179
      },
      "geometry": {
        "type": "Polygon",
        "coordinates": [
          [
            [
              -90.814691,
              29.817883
            ],
            [
              -90.81382,
              29.817751
            ],
            [
              -90.813776,
              29.817925
            ],
            [
              -90.814457,
              29.818041
            ],
            [
              -90.814619,
              29.818077
            ],
            [
              -90.814691,
              29.817883
            ]
          ]
        ]
      }
    },
    {
      "type": "Feature",
      "properties": {
        "id": 180
      },
      "geometry": {
        "type": "Polygon",
        "coordinates": [
          [
            [
              -90.816394,
              29.803918
            ],
            [
              -90.816428,
              29.803787
            ],
            [
              -90.815889,
              29.803686
            ],
            [
              -90.815852,
              29.803816
            ],
            [
              -90.816394,
              29.803918
            ]
          ]
        ]
      }
    },
    {
      "type": "Feature",
      "properties": {
        "id": 181
      },
      "geometry": {
        "type": "Polygon",
        "coordinates": [
          [
            [
              -90.816489,
              29.803438
            ],
            [
              -90.815979,
              29.803312
            ],
            [
              -90.815899,
              29.803668
            ],
            [
              -90.815961,
              29.803668
            ],
            [
              -90.815974,
              29.803579
            ],
            [
              -90.816067,
              29.803415
            ],
            [
              -90.816439,
              29.803501
            ],
            [
              -90.816489,
              29.803438
            ]
          ]
        ]
      }
    },
    {
      "type": "Feature",
      "properties": {
        "id": 182
      },
      "geometry": {
        "type": "Polygon",
        "coordinates": [
          [
            [
              -90.827008,
              29.793359
            ],
            [
              -90.827077,
              29.793022
            ],
            [
              -90.827036,
              29.793009
            ],
            [
              -90.826965,
              29.793168
            ],
            [
              -90.826741,
              29.793145
            ],
            [
              -90.826929,
              29.793354
            ],
            [
              -90.827008,
              29.793359
            ]
          ]
        ]
      }
    },
    {
      "type": "Feature",
      "properties": {
        "id": 183
      },
      "geometry": {
        "type": "Polygon",
        "coordinates": [
          [
            [
              -90.833182,
              29.794891
            ],
            [
              -90.833364,
              29.794155
            ],
            [
              -90.833075,
              29.794073
            ],
            [
              -90.833049,
              29.794154
            ],
            [
              -90.833179,
              29.794193
            ],
            [
              -90.833142,
              29.794351
            ],
            [
              -90.833235,
              29.794396
            ],
            [
              -90.833193,
              29.794533
            ],
            [
              -90.832934,
              29.794496
            ],
            [
              -90.83296,
              29.794358
            ],
            [
              -90.832688,
              29.794319
            ],
            [
              -90.832618,
              29.7946
            ],
            [
              -90.832871,
              29.794648
            ],
            [
              -90.8329,
              29.79458
            ],
            [
              -90.833127,
              29.794626
            ],
            [
              -90.83313,
              29.794688
            ],
            [
              -90.833089,
              29.794872
            ],
            [
              -90.833182,
              29.794891
            ]
          ]
        ]
      }
    },
    {
      "type": "Feature",
      "properties": {
        "id": 184
      },
      "geometry": {
        "type": "Polygon",
        "coordinates": [
          [
            [
              -90.831912,
              29.797235
            ],
            [
              -90.831922,
              29.797174
            ],
            [
              -90.832042,
              29.797185
            ],
            [
              -90.832103,
              29.797144
            ],
            [
              -90.831697,
              29.797055
            ],
            [
              -90.831754,
              29.797204
            ],
            [
              -90.831912,
              29.797235
            ]
          ]
        ]
      }
    },
    {
      "type": "Feature",
      "properties": {
        "id": 185
      },
      "geometry": {
        "type": "Polygon",
        "coordinates": [
          [
            [
              -90.832753,
              29.797388
            ],
            [
              -90.832829,
              29.797144
            ],
            [
              -90.832602,
              29.797095
            ],
            [
              -90.832548,
              29.797335
            ],
            [
              -90.832753,
              29.797388
            ]
          ]
        ]
      }
    },
    {
      "type": "Feature",
      "properties": {
        "id": 186
      },
      "geometry": {
        "type": "Polygon",
        "coordinates": [
          [
            [
              -90.833139,
              29.797318
            ],
            [
              -90.833176,
              29.797218
            ],
            [
              -90.832985,
              29.797169
            ],
            [
              -90.832958,
              29.797286
            ],
            [
              -90.833139,
              29.797318
            ]
          ]
        ]
      }
    },
    {
      "type": "Feature",
      "properties": {
        "id": 187
      },
      "geometry": {
        "type": "Polygon",
        "coordinates": [
          [
            [
              -90.833479,
              29.79754
            ],
            [
              -90.833535,
              29.797284
            ],
            [
              -90.833388,
              29.797246
            ],
            [
              -90.833334,
              29.797498
            ],
            [
              -90.833479,
              29.79754
            ]
          ]
        ]
      }
    },
    {
      "type": "Feature",
      "properties": {
        "id": 188
      },
      "geometry": {
        "type": "Polygon",
        "coordinates": [
          [
            [
              -90.835527,
              29.797563
            ],
            [
              -90.835596,
              29.797355
            ],
            [
              -90.835267,
              29.797293
            ],
            [
              -90.835201,
              29.79749
            ],
            [
              -90.835527,
              29.797563
            ]
          ]
        ]
      }
    },
    {
      "type": "Feature",
      "properties": {
        "id": 189
      },
      "geometry": {
        "type": "Polygon",
        "coordinates": [
          [
            [
              -90.835201,
              29.797492
            ],
            [
              -90.835258,
              29.797291
            ],
            [
              -90.835021,
              29.79723
            ],
            [
              -90.834954,
              29.797446
            ],
            [
              -90.835201,
              29.797492
            ]
          ]
        ]
      }
    },
    {
      "type": "Feature",
      "properties": {
        "id": 190
      },
      "geometry": {
        "type": "Polygon",
        "coordinates": [
          [
            [
              -90.835347,
              29.796979
            ],
            [
              -90.835498,
              29.796468
            ],
            [
              -90.835372,
              29.796436
            ],
            [
              -90.835216,
              29.796943
            ],
            [
              -90.835347,
              29.796979
            ]
          ]
        ]
      }
    },
    {
      "type": "Feature",
      "properties": {
        "id": 191
      },
      "geometry": {
        "type": "Polygon",
        "coordinates": [
          [
            [
              -90.83586,
              29.79806
            ],
            [
              -90.835955,
              29.797819
            ],
            [
              -90.835762,
              29.797775
            ],
            [
              -90.835679,
              29.797793
            ],
            [
              -90.835642,
              29.797903
            ],
            [
              -90.83571,
              29.797928
            ],
            [
              -90.835679,
              29.798053
            ],
            [
              -90.83586,
              29.79806
            ]
          ]
        ]
      }
    },
    {
      "type": "Feature",
      "properties": {
        "id": 192
      },
      "geometry": {
        "type": "Polygon",
        "coordinates": [
          [
            [
              -90.835529,
              29.797905
            ],
            [
              -90.835572,
              29.797768
            ],
            [
              -90.835365,
              29.797716
            ],
            [
              -90.835332,
              29.797869
            ],
            [
              -90.835529,
              29.797905
            ]
          ]
        ]
      }
    },
    {
      "type": "Feature",
      "properties": {
        "id": 193
      },
      "geometry": {
        "type": "Polygon",
        "coordinates": [
          [
            [
              -90.830695,
              29.79567
            ],
            [
              -90.830875,
              29.795095
            ],
            [
              -90.830541,
              29.795024
            ],
            [
              -90.830399,
              29.795628
            ],
            [
              -90.830695,
              29.79567
            ]
          ]
        ]
      }
    },
    {
      "type": "Feature",
      "properties": {
        "id": 194
      },
      "geometry": {
        "type": "Polygon",
        "coordinates": [
          [
            [
              -90.85019,
              29.80171
            ],
            [
              -90.850462,
              29.801234
            ],
            [
              -90.849878,
              29.801055
            ],
            [
              -90.849622,
              29.80154
            ],
            [
              -90.85019,
              29.80171
            ]
          ]
        ]
      }
    },
    {
      "type": "Feature",
      "properties": {
        "id": 195
      },
      "geometry": {
        "type": "Polygon",
        "coordinates": [
          [
            [
              -90.850428,
              29.801175
            ],
            [
              -90.85069,
              29.800524
            ],
            [
              -90.850272,
              29.800367
            ],
            [
              -90.849981,
              29.801035
            ],
            [
              -90.850428,
              29.801175
            ]
          ]
        ]
      }
    },
    {
      "type": "Feature",
      "properties": {
        "id": 196
      },
      "geometry": {
        "type": "Polygon",
        "coordinates": [
          [
            [
              -90.809679,
              29.798561
            ],
            [
              -90.80972,
              29.798286
            ],
            [
              -90.809884,
              29.798305
            ],
            [
              -90.809906,
              29.798226
            ],
            [
              -90.809827,
              29.798174
            ],
            [
              -90.809591,
              29.798141
            ],
            [
              -90.809469,
              29.79852
            ],
            [
              -90.809679,
              29.798561
            ]
          ]
        ]
      }
    },
    {
      "type": "Feature",
      "properties": {
        "id": 197
      },
      "geometry": {
        "type": "Polygon",
        "coordinates": [
          [
            [
              -90.809442,
              29.798528
            ],
            [
              -90.809543,
              29.798095
            ],
            [
              -90.809433,
              29.798095
            ],
            [
              -90.809364,
              29.798286
            ],
            [
              -90.809254,
              29.798269
            ],
            [
              -90.809197,
              29.798471
            ],
            [
              -90.809442,
              29.798528
            ]
          ]
        ]
      }
    },
    {
      "type": "Feature",
      "properties": {
        "id": 198
      },
      "geometry": {
        "type": "Polygon",
        "coordinates": [
          [
            [
              -90.808952,
              29.798455
            ],
            [
              -90.809021,
              29.798048
            ],
            [
              -90.808811,
              29.798018
            ],
            [
              -90.808732,
              29.798408
            ],
            [
              -90.808952,
              29.798455
            ]
          ]
        ]
      }
    },
    {
      "type": "Feature",
      "properties": {
        "id": 199
      },
      "geometry": {
        "type": "Polygon",
        "coordinates": [
          [
            [
              -90.800468,
              29.793611
            ],
            [
              -90.80083,
              29.792399
            ],
            [
              -90.799877,
              29.792145
            ],
            [
              -90.799566,
              29.793138
            ],
            [
              -90.799978,
              29.79323
            ],
            [
              -90.799923,
              29.793476
            ],
            [
              -90.800468,
              29.793611
            ]
          ]
        ]
      }
    },
    {
      "type": "Feature",
      "properties": {
        "id": 200
      },
      "geometry": {
        "type": "Polygon",
        "coordinates": [
          [
            [
              -90.800722,
              29.792239
            ],
            [
              -90.801107,
              29.791034
            ],
            [
              -90.800727,
              29.790923
            ],
            [
              -90.800324,
              29.792163
            ],
            [
              -90.800722,
              29.792239
            ]
          ]
        ]
      }
    },
    {
      "type": "Feature",
      "properties": {
        "id": 201
      },
      "geometry": {
        "type": "Polygon",
        "coordinates": [
          [
            [
              -90.800574,
              29.791436
            ],
            [
              -90.800734,
              29.790887
            ],
            [
              -90.800404,
              29.790796
            ],
            [
              -90.800235,
              29.791332
            ],
            [
              -90.800574,
              29.791436
            ]
          ]
        ]
      }
    },
    {
      "type": "Feature",
      "properties": {
        "id": 202
      },
      "geometry": {
        "type": "Polygon",
        "coordinates": [
          [
            [
              -90.799966,
              29.791714
            ],
            [
              -90.800107,
              29.79121
            ],
            [
              -90.79901,
              29.790989
            ],
            [
              -90.799073,
              29.79153
            ],
            [
              -90.799966,
              29.791714
            ]
          ]
        ]
      }
    },
    {
      "type": "Feature",
      "properties": {
        "id": 203
      },
      "geometry": {
        "type": "Polygon",
        "coordinates": [
          [
            [
              -90.802089,
              29.79061
            ],
            [
              -90.80227,
              29.789943
            ],
            [
              -90.80174,
              29.789837
            ],
            [
              -90.801583,
              29.790519
            ],
            [
              -90.802089,
              29.79061
            ]
          ]
        ]
      }
    },
    {
      "type": "Feature",
      "properties": {
        "id": 204
      },
      "geometry": {
        "type": "Polygon",
        "coordinates": [
          [
            [
              -90.801999,
              29.791015
            ],
            [
              -90.802046,
              29.790818
            ],
            [
              -90.801448,
              29.790661
            ],
            [
              -90.801383,
              29.790871
            ],
            [
              -90.801999,
              29.791015
            ]
          ]
        ]
      }
    },
    {
      "type": "Feature",
      "properties": {
        "id": 205
      },
      "geometry": {
        "type": "Polygon",
        "coordinates": [
          [
            [
              -90.803617,
              29.791529
            ],
            [
              -90.803702,
              29.791225
            ],
            [
              -90.802159,
              29.790853
            ],
            [
              -90.802073,
              29.791062
            ],
            [
              -90.802747,
              29.791204
            ],
            [
              -90.802788,
              29.791121
            ],
            [
              -90.803175,
              29.791198
            ],
            [
              -90.803111,
              29.791384
            ],
            [
              -90.803617,
              29.791529
            ]
          ]
        ]
      }
    },
    {
      "type": "Feature",
      "properties": {
        "id": 206
      },
      "geometry": {
        "type": "Polygon",
        "coordinates": [
          [
            [
              -90.804706,
              29.791295
            ],
            [
              -90.804832,
              29.790913
            ],
            [
              -90.804147,
              29.790736
            ],
            [
              -90.804004,
              29.791137
            ],
            [
              -90.804706,
              29.791295
            ]
          ]
        ]
      }
    },
    {
      "type": "Feature",
      "properties": {
        "id": 207
      },
      "geometry": {
        "type": "Polygon",
        "coordinates": [
          [
            [
              -90.804992,
              29.790422
            ],
            [
              -90.805371,
              29.789463
            ],
            [
              -90.804913,
              29.789322
            ],
            [
              -90.804811,
              29.789543
            ],
            [
              -90.804492,
              29.789479
            ],
            [
              -90.804312,
              29.790222
            ],
            [
              -90.804992,
              29.790422
            ]
          ]
        ]
      }
    },
    {
      "type": "Feature",
      "properties": {
        "id": 208
      },
      "geometry": {
        "type": "Polygon",
        "coordinates": [
          [
            [
              -90.80426,
              29.793103
            ],
            [
              -90.804501,
              29.792382
            ],
            [
              -90.804119,
              29.79234
            ],
            [
              -90.803885,
              29.793033
            ],
            [
              -90.80426,
              29.793103
            ]
          ]
        ]
      }
    },
    {
      "type": "Feature",
      "properties": {
        "id": 209
      },
      "geometry": {
        "type": "Polygon",
        "coordinates": [
          [
            [
              -90.803169,
              29.789906
            ],
            [
              -90.803459,
              29.78899
            ],
            [
              -90.803041,
              29.788908
            ],
            [
              -90.802836,
              29.789481
            ],
            [
              -90.802399,
              29.789485
            ],
            [
              -90.802323,
              29.789737
            ],
            [
              -90.802712,
              29.78984
            ],
            [
              -90.803169,
              29.789906
            ]
          ]
        ]
      }
    },
    {
      "type": "Feature",
      "properties": {
        "id": 210
      },
      "geometry": {
        "type": "Polygon",
        "coordinates": [
          [
            [
              -90.804554,
              29.788646
            ],
            [
              -90.804771,
              29.787814
            ],
            [
              -90.804455,
              29.787715
            ],
            [
              -90.804193,
              29.788543
            ],
            [
              -90.804554,
              29.788646
            ]
          ]
        ]
      }
    },
    {
      "type": "Feature",
      "properties": {
        "id": 211
      },
      "geometry": {
        "type": "Polygon",
        "coordinates": [
          [
            [
              -90.805568,
              29.788356
            ],
            [
              -90.805781,
              29.787721
            ],
            [
              -90.805128,
              29.787635
            ],
            [
              -90.805073,
              29.787787
            ],
            [
              -90.805315,
              29.787881
            ],
            [
              -90.805301,
              29.788053
            ],
            [
              -90.805137,
              29.788083
            ],
            [
              -90.804964,
              29.788078
            ],
            [
              -90.804896,
              29.788231
            ],
            [
              -90.805568,
              29.788356
            ]
          ]
        ]
      }
    },
    {
      "type": "Feature",
      "properties": {
        "id": 212
      },
      "geometry": {
        "type": "Polygon",
        "coordinates": [
          [
            [
              -90.805981,
              29.787542
            ],
            [
              -90.806114,
              29.786985
            ],
            [
              -90.805428,
              29.786797
            ],
            [
              -90.805265,
              29.787371
            ],
            [
              -90.805981,
              29.787542
            ]
          ]
        ]
      }
    },
    {
      "type": "Feature",
      "properties": {
        "id": 213
      },
      "geometry": {
        "type": "Polygon",
        "coordinates": [
          [
            [
              -90.806174,
              29.78681
            ],
            [
              -90.806199,
              29.786224
            ],
            [
              -90.805725,
              29.786018
            ],
            [
              -90.805493,
              29.786669
            ],
            [
              -90.806174,
              29.78681
            ]
          ]
        ]
      }
    },
    {
      "type": "Feature",
      "properties": {
        "id": 214
      },
      "geometry": {
        "type": "Polygon",
        "coordinates": [
          [
            [
              -90.803633,
              29.786957
            ],
            [
              -90.803846,
              29.786292
            ],
            [
              -90.803233,
              29.78618
            ],
            [
              -90.802673,
              29.786762
            ],
            [
              -90.803633,
              29.786957
            ]
          ]
        ]
      }
    },
    {
      "type": "Feature",
      "properties": {
        "id": 215
      },
      "geometry": {
        "type": "Polygon",
        "coordinates": [
          [
            [
              -90.8061,
              29.790341
            ],
            [
              -90.806263,
              29.789859
            ],
            [
              -90.805895,
              29.789766
            ],
            [
              -90.805694,
              29.790255
            ],
            [
              -90.8061,
              29.790341
            ]
          ]
        ]
      }
    },
    {
      "type": "Feature",
      "properties": {
        "id": 216
      },
      "geometry": {
        "type": "Polygon",
        "coordinates": [
          [
            [
              -90.798938,
              29.793723
            ],
            [
              -90.799052,
              29.793411
            ],
            [
              -90.798352,
              29.79326
            ],
            [
              -90.798087,
              29.793546
            ],
            [
              -90.798938,
              29.793723
            ]
          ]
        ]
      }
    },
    {
      "type": "Feature",
      "properties": {
        "id": 217
      },
      "geometry": {
        "type": "Polygon",
        "coordinates": [
          [
            [
              -90.798526,
              29.794272
            ],
            [
              -90.798552,
              29.794124
            ],
            [
              -90.797935,
              29.793989
            ],
            [
              -90.797867,
              29.794114
            ],
            [
              -90.798526,
              29.794272
            ]
          ]
        ]
      }
    },
    {
      "type": "Feature",
      "properties": {
        "id": 218
      },
      "geometry": {
        "type": "Polygon",
        "coordinates": [
          [
            [
              -90.807751,
              29.783206
            ],
            [
              -90.807938,
              29.782872
            ],
            [
              -90.8074,
              29.782692
            ],
            [
              -90.807696,
              29.782408
            ],
            [
              -90.807377,
              29.782295
            ],
            [
              -90.807285,
              29.78242
            ],
            [
              -90.807201,
              29.782408
            ],
            [
              -90.807136,
              29.782516
            ],
            [
              -90.806975,
              29.782761
            ],
            [
              -90.806809,
              29.782692
            ],
            [
              -90.806725,
              29.782805
            ],
            [
              -90.806894,
              29.782861
            ],
            [
              -90.807751,
              29.783206
            ]
          ]
        ]
      }
    },
    {
      "type": "Feature",
      "properties": {
        "id": 219
      },
      "geometry": {
        "type": "Polygon",
        "coordinates": [
          [
            [
              -90.808024,
              29.78272
            ],
            [
              -90.808324,
              29.782183
            ],
            [
              -90.807687,
              29.781413
            ],
            [
              -90.807392,
              29.781739
            ],
            [
              -90.807905,
              29.782012
            ],
            [
              -90.807705,
              29.782368
            ],
            [
              -90.807791,
              29.782463
            ],
            [
              -90.807754,
              29.782559
            ],
            [
              -90.808024,
              29.78272
            ]
          ]
        ]
      }
    },
    {
      "type": "Feature",
      "properties": {
        "id": 220
      },
      "geometry": {
        "type": "Polygon",
        "coordinates": [
          [
            [
              -90.805107,
              29.783285
            ],
            [
              -90.805451,
              29.782705
            ],
            [
              -90.805153,
              29.78252
            ],
            [
              -90.804801,
              29.783133
            ],
            [
              -90.805107,
              29.783285
            ]
          ]
        ]
      }
    },
    {
      "type": "Feature",
      "properties": {
        "id": 221
      },
      "geometry": {
        "type": "Polygon",
        "coordinates": [
          [
            [
              -90.806784,
              29.783993
            ],
            [
              -90.806848,
              29.783873
            ],
            [
              -90.806051,
              29.783502
            ],
            [
              -90.806007,
              29.783585
            ],
            [
              -90.805863,
              29.783516
            ],
            [
              -90.805608,
              29.783421
            ],
            [
              -90.805742,
              29.783239
            ],
            [
              -90.805373,
              29.783119
            ],
            [
              -90.805215,
              29.783368
            ],
            [
              -90.806784,
              29.783993
            ]
          ]
        ]
      }
    },
    {
      "type": "Feature",
      "properties": {
        "id": 222
      },
      "geometry": {
        "type": "Polygon",
        "coordinates": [
          [
            [
              -90.807261,
              29.784053
            ],
            [
              -90.807485,
              29.783639
            ],
            [
              -90.807128,
              29.783499
            ],
            [
              -90.80684,
              29.783952
            ],
            [
              -90.807261,
              29.784053
            ]
          ]
        ]
      }
    },
    {
      "type": "Feature",
      "properties": {
        "id": 223
      },
      "geometry": {
        "type": "Polygon",
        "coordinates": [
          [
            [
              -90.804535,
              29.782045
            ],
            [
              -90.804849,
              29.781553
            ],
            [
              -90.803839,
              29.781123
            ],
            [
              -90.803566,
              29.781638
            ],
            [
              -90.804535,
              29.782045
            ]
          ]
        ]
      }
    },
    {
      "type": "Feature",
      "properties": {
        "id": 224
      },
      "geometry": {
        "type": "Polygon",
        "coordinates": [
          [
            [
              -90.806439,
              29.782875
            ],
            [
              -90.806532,
              29.782673
            ],
            [
              -90.80597,
              29.782441
            ],
            [
              -90.805852,
              29.782655
            ],
            [
              -90.806439,
              29.782875
            ]
          ]
        ]
      }
    },
    {
      "type": "Feature",
      "properties": {
        "id": 225
      },
      "geometry": {
        "type": "Polygon",
        "coordinates": [
          [
            [
              -90.80586,
              29.782576
            ],
            [
              -90.806036,
              29.782307
            ],
            [
              -90.805681,
              29.782159
            ],
            [
              -90.80551,
              29.782441
            ],
            [
              -90.80586,
              29.782576
            ]
          ]
        ]
      }
    },
    {
      "type": "Feature",
      "properties": {
        "id": 226
      },
      "geometry": {
        "type": "Polygon",
        "coordinates": [
          [
            [
              -90.806085,
              29.780738
            ],
            [
              -90.806323,
              29.780337
            ],
            [
              -90.805712,
              29.779731
            ],
            [
              -90.805279,
              29.779321
            ],
            [
              -90.805043,
              29.779103
            ],
            [
              -90.804787,
              29.779142
            ],
            [
              -90.804622,
              29.779485
            ],
            [
              -90.805248,
              29.779721
            ],
            [
              -90.80506,
              29.780109
            ],
            [
              -90.805432,
              29.780275
            ],
            [
              -90.805785,
              29.780443
            ],
            [
              -90.806085,
              29.780738
            ]
          ]
        ]
      }
    },
    {
      "type": "Feature",
      "properties": {
        "id": 227
      },
      "geometry": {
        "type": "Polygon",
        "coordinates": [
          [
            [
              -90.806464,
              29.780983
            ],
            [
              -90.806612,
              29.780666
            ],
            [
              -90.806348,
              29.780497
            ],
            [
              -90.806173,
              29.780845
            ],
            [
              -90.806464,
              29.780983
            ]
          ]
        ]
      }
    },
    {
      "type": "Feature",
      "properties": {
        "id": 228
      },
      "geometry": {
        "type": "Polygon",
        "coordinates": [
          [
            [
              -90.807351,
              29.781458
            ],
            [
              -90.807446,
              29.781298
            ],
            [
              -90.806854,
              29.781027
            ],
            [
              -90.806754,
              29.78122
            ],
            [
              -90.807351,
              29.781458
            ]
          ]
        ]
      }
    },
    {
      "type": "Feature",
      "properties": {
        "id": 229
      },
      "geometry": {
        "type": "Polygon",
        "coordinates": [
          [
            [
              -90.807417,
              29.780557
            ],
            [
              -90.807772,
              29.780338
            ],
            [
              -90.807077,
              29.779665
            ],
            [
              -90.806752,
              29.77998
            ],
            [
              -90.807417,
              29.780557
            ]
          ]
        ]
      }
    },
    {
      "type": "Feature",
      "properties": {
        "id": 230
      },
      "geometry": {
        "type": "Polygon",
        "coordinates": [
          [
            [
              -90.807835,
              29.780215
            ],
            [
              -90.808227,
              29.779899
            ],
            [
              -90.808074,
              29.779786
            ],
            [
              -90.807719,
              29.780077
            ],
            [
              -90.807835,
              29.780215
            ]
          ]
        ]
      }
    },
    {
      "type": "Feature",
      "properties": {
        "id": 231
      },
      "geometry": {
        "type": "Polygon",
        "coordinates": [
          [
            [
              -90.807641,
              29.779243
            ],
            [
              -90.80754,
              29.779113
            ],
            [
              -90.806888,
              29.779636
            ],
            [
              -90.807131,
              29.779639
            ],
            [
              -90.807641,
              29.779243
            ]
          ]
        ]
      }
    },
    {
      "type": "Feature",
      "properties": {
        "id": 232
      },
      "geometry": {
        "type": "Polygon",
        "coordinates": [
          [
            [
              -90.806594,
              29.779806
            ],
            [
              -90.806638,
              29.779671
            ],
            [
              -90.806802,
              29.779544
            ],
            [
              -90.806404,
              29.779175
            ],
            [
              -90.806264,
              29.77928
            ],
            [
              -90.80617,
              29.779413
            ],
            [
              -90.806594,
              29.779806
            ]
          ]
        ]
      }
    },
    {
      "type": "Feature",
      "properties": {
        "id": 233
      },
      "geometry": {
        "type": "Polygon",
        "coordinates": [
          [
            [
              -90.805644,
              29.778934
            ],
            [
              -90.805731,
              29.778996
            ],
            [
              -90.806107,
              29.778736
            ],
            [
              -90.806023,
              29.778648
            ],
            [
              -90.805644,
              29.778934
            ]
          ]
        ]
      }
    },
    {
      "type": "Feature",
      "properties": {
        "id": 234
      },
      "geometry": {
        "type": "Polygon",
        "coordinates": [
          [
            [
              -90.806325,
              29.778983
            ],
            [
              -90.806259,
              29.778936
            ],
            [
              -90.806005,
              29.779091
            ],
            [
              -90.805842,
              29.779038
            ],
            [
              -90.805781,
              29.779082
            ],
            [
              -90.805896,
              29.779181
            ],
            [
              -90.805985,
              29.779214
            ],
            [
              -90.806325,
              29.778983
            ]
          ]
        ]
      }
    },
    {
      "type": "Feature",
      "properties": {
        "id": 235
      },
      "geometry": {
        "type": "Polygon",
        "coordinates": [
          [
            [
              -90.80544,
              29.77872
            ],
            [
              -90.805522,
              29.778651
            ],
            [
              -90.805384,
              29.778524
            ],
            [
              -90.805281,
              29.778576
            ],
            [
              -90.80544,
              29.77872
            ]
          ]
        ]
      }
    },
    {
      "type": "Feature",
      "properties": {
        "id": 236
      },
      "geometry": {
        "type": "Polygon",
        "coordinates": [
          [
            [
              -90.805293,
              29.778367
            ],
            [
              -90.805358,
              29.77841
            ],
            [
              -90.805615,
              29.778232
            ],
            [
              -90.805535,
              29.778163
            ],
            [
              -90.805293,
              29.778367
            ]
          ]
        ]
      }
    },
    {
      "type": "Feature",
      "properties": {
        "id": 237
      },
      "geometry": {
        "type": "Polygon",
        "coordinates": [
          [
            [
              -90.807091,
              29.78349
            ],
            [
              -90.807188,
              29.783329
            ],
            [
              -90.805663,
              29.782703
            ],
            [
              -90.805617,
              29.782849
            ],
            [
              -90.807091,
              29.78349
            ]
          ]
        ]
      }
    },
    {
      "type": "Feature",
      "properties": {
        "id": 238
      },
      "geometry": {
        "type": "Polygon",
        "coordinates": [
          [
            [
              -90.806051,
              29.78347
            ],
            [
              -90.806129,
              29.783518
            ],
            [
              -90.806307,
              29.783172
            ],
            [
              -90.806216,
              29.783136
            ],
            [
              -90.806051,
              29.78347
            ]
          ]
        ]
      }
    },
    {
      "type": "Feature",
      "properties": {
        "id": 239
      },
      "geometry": {
        "type": "Polygon",
        "coordinates": [
          [
            [
              -90.805465,
              29.78306
            ],
            [
              -90.805588,
              29.782843
            ],
            [
              -90.805462,
              29.782781
            ],
            [
              -90.805332,
              29.782992
            ],
            [
              -90.805465,
              29.78306
            ]
          ]
        ]
      }
    },
    {
      "type": "Feature",
      "properties": {
        "id": 240
      },
      "geometry": {
        "type": "Polygon",
        "coordinates": [
          [
            [
              -90.803736,
              29.78047
            ],
            [
              -90.803952,
              29.780071
            ],
            [
              -90.803414,
              29.779876
            ],
            [
              -90.803138,
              29.780256
            ],
            [
              -90.803736,
              29.78047
            ]
          ]
        ]
      }
    },
    {
      "type": "Feature",
      "properties": {
        "id": 241
      },
      "geometry": {
        "type": "Polygon",
        "coordinates": [
          [
            [
              -90.803941,
              29.779901
            ],
            [
              -90.804233,
              29.779515
            ],
            [
              -90.803739,
              29.779258
            ],
            [
              -90.803433,
              29.779739
            ],
            [
              -90.803941,
              29.779901
            ]
          ]
        ]
      }
    },
    {
      "type": "Feature",
      "properties": {
        "id": 242
      },
      "geometry": {
        "type": "Polygon",
        "coordinates": [
          [
            [
              -90.804341,
              29.77915
            ],
            [
              -90.80424,
              29.778624
            ],
            [
              -90.803855,
              29.778657
            ],
            [
              -90.803997,
              29.779169
            ],
            [
              -90.804341,
              29.77915
            ]
          ]
        ]
      }
    },
    {
      "type": "Feature",
      "properties": {
        "id": 243
      },
      "geometry": {
        "type": "Polygon",
        "coordinates": [
          [
            [
              -90.803452,
              29.778349
            ],
            [
              -90.803526,
              29.777937
            ],
            [
              -90.803115,
              29.777898
            ],
            [
              -90.803011,
              29.778284
            ],
            [
              -90.803452,
              29.778349
            ]
          ]
        ]
      }
    },
    {
      "type": "Feature",
      "properties": {
        "id": 244
      },
      "geometry": {
        "type": "Polygon",
        "coordinates": [
          [
            [
              -90.802122,
              29.77989
            ],
            [
              -90.802182,
              29.779782
            ],
            [
              -90.801894,
              29.779507
            ],
            [
              -90.801737,
              29.779575
            ],
            [
              -90.802122,
              29.77989
            ]
          ]
        ]
      }
    },
    {
      "type": "Feature",
      "properties": {
        "id": 245
      },
      "geometry": {
        "type": "Polygon",
        "coordinates": [
          [
            [
              -90.803337,
              29.78072
            ],
            [
              -90.803449,
              29.780499
            ],
            [
              -90.802713,
              29.780104
            ],
            [
              -90.802518,
              29.780324
            ],
            [
              -90.802896,
              29.780597
            ],
            [
              -90.803337,
              29.78072
            ]
          ]
        ]
      }
    },
    {
      "type": "Feature",
      "properties": {
        "id": 246
      },
      "geometry": {
        "type": "Polygon",
        "coordinates": [
          [
            [
              -90.803593,
              29.780661
            ],
            [
              -90.803425,
              29.780605
            ],
            [
              -90.803022,
              29.781291
            ],
            [
              -90.803209,
              29.781367
            ],
            [
              -90.803593,
              29.780661
            ]
          ]
        ]
      }
    },
    {
      "type": "Feature",
      "properties": {
        "id": 247
      },
      "geometry": {
        "type": "Polygon",
        "coordinates": [
          [
            [
              -90.802563,
              29.782603
            ],
            [
              -90.802931,
              29.781931
            ],
            [
              -90.802723,
              29.781845
            ],
            [
              -90.802348,
              29.782523
            ],
            [
              -90.802563,
              29.782603
            ]
          ]
        ]
      }
    },
    {
      "type": "Feature",
      "properties": {
        "id": 248
      },
      "geometry": {
        "type": "Polygon",
        "coordinates": [
          [
            [
              -90.803481,
              29.77759
            ],
            [
              -90.803225,
              29.777337
            ],
            [
              -90.80316,
              29.777367
            ],
            [
              -90.803076,
              29.777258
            ],
            [
              -90.802686,
              29.777374
            ],
            [
              -90.803034,
              29.777762
            ],
            [
              -90.803481,
              29.77759
            ]
          ]
        ]
      }
    },
    {
      "type": "Feature",
      "properties": {
        "id": 249
      },
      "geometry": {
        "type": "Polygon",
        "coordinates": [
          [
            [
              -90.802672,
              29.776774
            ],
            [
              -90.802559,
              29.776422
            ],
            [
              -90.802114,
              29.776558
            ],
            [
              -90.802403,
              29.776897
            ],
            [
              -90.802672,
              29.776774
            ]
          ]
        ]
      }
    },
    {
      "type": "Feature",
      "properties": {
        "id": 250
      },
      "geometry": {
        "type": "Polygon",
        "coordinates": [
          [
            [
              -90.80228,
              29.77703
            ],
            [
              -90.802024,
              29.776612
            ],
            [
              -90.8018,
              29.776687
            ],
            [
              -90.801529,
              29.776926
            ],
            [
              -90.801682,
              29.777068
            ],
            [
              -90.801825,
              29.776938
            ],
            [
              -90.8022,
              29.777119
            ],
            [
              -90.80228,
              29.77703
            ]
          ]
        ]
      }
    },
    {
      "type": "Feature",
      "properties": {
        "id": 251
      },
      "geometry": {
        "type": "Polygon",
        "coordinates": [
          [
            [
              -90.801281,
              29.774896
            ],
            [
              -90.801431,
              29.774684
            ],
            [
              -90.800547,
              29.774118
            ],
            [
              -90.800421,
              29.774277
            ],
            [
              -90.801281,
              29.774896
            ]
          ]
        ]
      }
    },
    {
      "type": "Feature",
      "properties": {
        "id": 252
      },
      "geometry": {
        "type": "Polygon",
        "coordinates": [
          [
            [
              -90.801222,
              29.774422
            ],
            [
              -90.801375,
              29.774217
            ],
            [
              -90.8012,
              29.773954
            ],
            [
              -90.800951,
              29.774245
            ],
            [
              -90.801222,
              29.774422
            ]
          ]
        ]
      }
    },
    {
      "type": "Feature",
      "properties": {
        "id": 253
      },
      "geometry": {
        "type": "Polygon",
        "coordinates": [
          [
            [
              -90.801532,
              29.774529
            ],
            [
              -90.801457,
              29.77423
            ],
            [
              -90.801364,
              29.774254
            ],
            [
              -90.801289,
              29.774366
            ],
            [
              -90.801303,
              29.774512
            ],
            [
              -90.801515,
              29.774658
            ],
            [
              -90.80164,
              29.774684
            ],
            [
              -90.801727,
              29.774596
            ],
            [
              -90.801622,
              29.774525
            ],
            [
              -90.801584,
              29.774563
            ],
            [
              -90.801532,
              29.774529
            ]
          ]
        ]
      }
    },
    {
      "type": "Feature",
      "properties": {
        "id": 254
      },
      "geometry": {
        "type": "Polygon",
        "coordinates": [
          [
            [
              -90.801654,
              29.774111
            ],
            [
              -90.801594,
              29.773833
            ],
            [
              -90.801389,
              29.773877
            ],
            [
              -90.801405,
              29.774169
            ],
            [
              -90.801654,
              29.774111
            ]
          ]
        ]
      }
    },
    {
      "type": "Feature",
      "properties": {
        "id": 255
      },
      "geometry": {
        "type": "Polygon",
        "coordinates": [
          [
            [
              -90.801064,
              29.774097
            ],
            [
              -90.801278,
              29.77386
            ],
            [
              -90.801086,
              29.773752
            ],
            [
              -90.80088,
              29.773979
            ],
            [
              -90.801064,
              29.774097
            ]
          ]
        ]
      }
    },
    {
      "type": "Feature",
      "properties": {
        "id": 256
      },
      "geometry": {
        "type": "Polygon",
        "coordinates": [
          [
            [
              -90.800643,
              29.77322
            ],
            [
              -90.80107,
              29.772751
            ],
            [
              -90.800782,
              29.772549
            ],
            [
              -90.800352,
              29.773009
            ],
            [
              -90.800643,
              29.77322
            ]
          ]
        ]
      }
    },
    {
      "type": "Feature",
      "properties": {
        "id": 257
      },
      "geometry": {
        "type": "Polygon",
        "coordinates": [
          [
            [
              -90.817737,
              29.774637
            ],
            [
              -90.817919,
              29.773868
            ],
            [
              -90.81861,
              29.774019
            ],
            [
              -90.8188,
              29.773895
            ],
            [
              -90.817618,
              29.773642
            ],
            [
              -90.817535,
              29.77369
            ],
            [
              -90.817295,
              29.774513
            ],
            [
              -90.817737,
              29.774637
            ]
          ]
        ]
      }
    },
    {
      "type": "Feature",
      "properties": {
        "id": 258
      },
      "geometry": {
        "type": "Polygon",
        "coordinates": [
          [
            [
              -90.81689,
              29.774882
            ],
            [
              -90.81708,
              29.774941
            ],
            [
              -90.817126,
              29.77475
            ],
            [
              -90.816928,
              29.774703
            ],
            [
              -90.81689,
              29.774882
            ]
          ]
        ]
      }
    },
    {
      "type": "Feature",
      "properties": {
        "id": 259
      },
      "geometry": {
        "type": "Polygon",
        "coordinates": [
          [
            [
              -90.816861,
              29.775903
            ],
            [
              -90.81668,
              29.775434
            ],
            [
              -90.816342,
              29.775363
            ],
            [
              -90.816266,
              29.7755
            ],
            [
              -90.816054,
              29.77549
            ],
            [
              -90.816043,
              29.775679
            ],
            [
              -90.816293,
              29.775762
            ],
            [
              -90.816861,
              29.775903
            ]
          ]
        ]
      }
    },
    {
      "type": "Feature",
      "properties": {
        "id": 260
      },
      "geometry": {
        "type": "Polygon",
        "coordinates": [
          [
            [
              -90.817514,
              29.775636
            ],
            [
              -90.817324,
              29.775659
            ],
            [
              -90.817292,
              29.775562
            ],
            [
              -90.817156,
              29.775598
            ],
            [
              -90.817204,
              29.775685
            ],
            [
              -90.817289,
              29.775811
            ],
            [
              -90.817547,
              29.775747
            ],
            [
              -90.817514,
              29.775636
            ]
          ]
        ]
      }
    },
    {
      "type": "Feature",
      "properties": {
        "id": 261
      },
      "geometry": {
        "type": "Polygon",
        "coordinates": [
          [
            [
              -90.818735,
              29.777517
            ],
            [
              -90.818689,
              29.777319
            ],
            [
              -90.818576,
              29.77701
            ],
            [
              -90.81838,
              29.777082
            ],
            [
              -90.818443,
              29.777235
            ],
            [
              -90.818234,
              29.777296
            ],
            [
              -90.818053,
              29.777343
            ],
            [
              -90.817934,
              29.777031
            ],
            [
              -90.817838,
              29.777059
            ],
            [
              -90.81784,
              29.777151
            ],
            [
              -90.817946,
              29.777364
            ],
            [
              -90.818174,
              29.77767
            ],
            [
              -90.818735,
              29.777517
            ]
          ]
        ]
      }
    },
    {
      "type": "Feature",
      "properties": {
        "id": 262
      },
      "geometry": {
        "type": "Polygon",
        "coordinates": [
          [
            [
              -90.817603,
              29.777483
            ],
            [
              -90.817521,
              29.777325
            ],
            [
              -90.817143,
              29.777462
            ],
            [
              -90.817198,
              29.777618
            ],
            [
              -90.817603,
              29.777483
            ]
          ]
        ]
      }
    },
    {
      "type": "Feature",
      "properties": {
        "id": 263
      },
      "geometry": {
        "type": "Polygon",
        "coordinates": [
          [
            [
              -90.81615,
              29.77251
            ],
            [
              -90.815988,
              29.77177
            ],
            [
              -90.815829,
              29.771793
            ],
            [
              -90.815978,
              29.772518
            ],
            [
              -90.81615,
              29.77251
            ]
          ]
        ]
      }
    },
    {
      "type": "Feature",
      "properties": {
        "id": 264
      },
      "geometry": {
        "type": "Polygon",
        "coordinates": [
          [
            [
              -90.822103615,
              29.791264209
            ],
            [
              -90.822126812,
              29.79104733
            ],
            [
              -90.821583351,
              29.791032336
            ],
            [
              -90.821583979,
              29.791220483
            ],
            [
              -90.822103615,
              29.791264209
            ]
          ]
        ]
      }
    },
    {
      "type": "Feature",
      "properties": {
        "id": 265
      },
      "geometry": {
        "type": "Polygon",
        "coordinates": [
          [
            [
              -90.823232416,
              29.793812456
            ],
            [
              -90.823269014,
              29.793438973
            ],
            [
              -90.823080117,
              29.793427198
            ],
            [
              -90.823047344,
              29.793799608
            ],
            [
              -90.823232416,
              29.793812456
            ]
          ]
        ]
      }
    },
    {
      "type": "Feature",
      "properties": {
        "id": 266
      },
      "geometry": {
        "type": "Polygon",
        "coordinates": [
          [
            [
              -90.815729011,
              29.789736072
            ],
            [
              -90.815806848,
              29.789430607
            ],
            [
              -90.815248906,
              29.789318583
            ],
            [
              -90.815135646,
              29.789651682
            ],
            [
              -90.815729011,
              29.789736072
            ]
          ]
        ]
      }
    },
    {
      "type": "Feature",
      "properties": {
        "id": 267
      },
      "geometry": {
        "type": "Polygon",
        "coordinates": [
          [
            [
              -90.813294492,
              29.78618364
            ],
            [
              -90.813432574,
              29.785600148
            ],
            [
              -90.813239538,
              29.785584535
            ],
            [
              -90.813101258,
              29.786166272
            ],
            [
              -90.813294492,
              29.78618364
            ]
          ]
        ]
      }
    },
    {
      "type": "Feature",
      "properties": {
        "id": 268
      },
      "geometry": {
        "type": "Polygon",
        "coordinates": [
          [
            [
              -90.812567938,
              29.786088216
            ],
            [
              -90.812669339,
              29.785743457
            ],
            [
              -90.813033784,
              29.785861523
            ],
            [
              -90.813070968,
              29.785753532
            ],
            [
              -90.812499029,
              29.785598547
            ],
            [
              -90.812357134,
              29.786041913
            ],
            [
              -90.812567938,
              29.786088216
            ]
          ]
        ]
      }
    },
    {
      "type": "Feature",
      "properties": {
        "id": 269
      },
      "geometry": {
        "type": "Polygon",
        "coordinates": [
          [
            [
              -90.812941677,
              29.786170673
            ],
            [
              -90.813005327,
              29.785987409
            ],
            [
              -90.812810553,
              29.785953182
            ],
            [
              -90.812754666,
              29.78613791
            ],
            [
              -90.812941677,
              29.786170673
            ]
          ]
        ]
      }
    },
    {
      "type": "Feature",
      "properties": {
        "id": 270
      },
      "geometry": {
        "type": "Polygon",
        "coordinates": [
          [
            [
              -90.812376726,
              29.786743377
            ],
            [
              -90.812520686,
              29.786239853
            ],
            [
              -90.812280691,
              29.786245409
            ],
            [
              -90.812156377,
              29.786705249
            ],
            [
              -90.812376726,
              29.786743377
            ]
          ]
        ]
      }
    },
    {
      "type": "Feature",
      "properties": {
        "id": 271
      },
      "geometry": {
        "type": "Polygon",
        "coordinates": [
          [
            [
              -90.811086467,
              29.786312249
            ],
            [
              -90.811459032,
              29.78640168
            ],
            [
              -90.811500701,
              29.786292262
            ],
            [
              -90.811107537,
              29.786216107
            ],
            [
              -90.811086467,
              29.786312249
            ]
          ]
        ]
      }
    },
    {
      "type": "Feature",
      "properties": {
        "id": 272
      },
      "geometry": {
        "type": "Polygon",
        "coordinates": [
          [
            [
              -90.811164859,
              29.786201894
            ],
            [
              -90.811204306,
              29.786079737
            ],
            [
              -90.811094241,
              29.78605684
            ],
            [
              -90.811052217,
              29.786194192
            ],
            [
              -90.811164859,
              29.786201894
            ]
          ]
        ]
      }
    },
    {
      "type": "Feature",
      "properties": {
        "id": 273
      },
      "geometry": {
        "type": "Polygon",
        "coordinates": [
          [
            [
              -90.81147873,
              29.786067961
            ],
            [
              -90.811650779,
              29.786102752
            ],
            [
              -90.811793072,
              29.785688066
            ],
            [
              -90.811614422,
              29.785653075
            ],
            [
              -90.81147873,
              29.786067961
            ]
          ]
        ]
      }
    },
    {
      "type": "Feature",
      "properties": {
        "id": 274
      },
      "geometry": {
        "type": "Polygon",
        "coordinates": [
          [
            [
              -90.81122633,
              29.78606296
            ],
            [
              -90.811295774,
              29.785852053
            ],
            [
              -90.811191178,
              29.785833748
            ],
            [
              -90.811114546,
              29.786044983
            ],
            [
              -90.81122633,
              29.78606296
            ]
          ]
        ]
      }
    },
    {
      "type": "Feature",
      "properties": {
        "id": 275
      },
      "geometry": {
        "type": "Polygon",
        "coordinates": [
          [
            [
              -90.811321517,
              29.785816535
            ],
            [
              -90.811384213,
              29.785633188
            ],
            [
              -90.811260297,
              29.785609337
            ],
            [
              -90.811192498,
              29.785799021
            ],
            [
              -90.811321517,
              29.785816535
            ]
          ]
        ]
      }
    },
    {
      "type": "Feature",
      "properties": {
        "id": 276
      },
      "geometry": {
        "type": "Polygon",
        "coordinates": [
          [
            [
              -90.811383092,
              29.785551358
            ],
            [
              -90.811489092,
              29.785217282
            ],
            [
              -90.811379656,
              29.785196331
            ],
            [
              -90.811262581,
              29.785538
            ],
            [
              -90.811383092,
              29.785551358
            ]
          ]
        ]
      }
    },
    {
      "type": "Feature",
      "properties": {
        "id": 277
      },
      "geometry": {
        "type": "Polygon",
        "coordinates": [
          [
            [
              -90.812176407,
              29.785960085
            ],
            [
              -90.812301308,
              29.785613071
            ],
            [
              -90.812115208,
              29.785562603
            ],
            [
              -90.811992885,
              29.785916929
            ],
            [
              -90.812176407,
              29.785960085
            ]
          ]
        ]
      }
    },
    {
      "type": "Feature",
      "properties": {
        "id": 278
      },
      "geometry": {
        "type": "Polygon",
        "coordinates": [
          [
            [
              -90.812136561,
              29.7848042
            ],
            [
              -90.812242959,
              29.78446482
            ],
            [
              -90.811902025,
              29.784357128
            ],
            [
              -90.81201955,
              29.784048172
            ],
            [
              -90.811860901,
              29.783998086
            ],
            [
              -90.811613279,
              29.784707921
            ],
            [
              -90.812136561,
              29.7848042
            ]
          ]
        ]
      }
    },
    {
      "type": "Feature",
      "properties": {
        "id": 279
      },
      "geometry": {
        "type": "Polygon",
        "coordinates": [
          [
            [
              -90.812044444,
              29.78398661
            ],
            [
              -90.812119127,
              29.783767542
            ],
            [
              -90.812420037,
              29.783834496
            ],
            [
              -90.812558621,
              29.783542744
            ],
            [
              -90.812047839,
              29.783426112
            ],
            [
              -90.81188151,
              29.783931932
            ],
            [
              -90.812044444,
              29.78398661
            ]
          ]
        ]
      }
    },
    {
      "type": "Feature",
      "properties": {
        "id": 280
      },
      "geometry": {
        "type": "Polygon",
        "coordinates": [
          [
            [
              -90.812287596,
              29.782044151
            ],
            [
              -90.812471851,
              29.781441066
            ],
            [
              -90.81169795,
              29.781257684
            ],
            [
              -90.811542214,
              29.781708581
            ],
            [
              -90.811800482,
              29.781929282
            ],
            [
              -90.812287596,
              29.782044151
            ]
          ]
        ]
      }
    },
    {
      "type": "Feature",
      "properties": {
        "id": 281
      },
      "geometry": {
        "type": "Polygon",
        "coordinates": [
          [
            [
              -90.812763552,
              29.78263934
            ],
            [
              -90.812979082,
              29.78193963
            ],
            [
              -90.812628928,
              29.781856988
            ],
            [
              -90.812373888,
              29.782553206
            ],
            [
              -90.812763552,
              29.78263934
            ]
          ]
        ]
      }
    },
    {
      "type": "Feature",
      "properties": {
        "id": 282
      },
      "geometry": {
        "type": "Polygon",
        "coordinates": [
          [
            [
              -90.810200067,
              29.784948798
            ],
            [
              -90.810250316,
              29.784687084
            ],
            [
              -90.810583874,
              29.784828212
            ],
            [
              -90.81064612,
              29.784702033
            ],
            [
              -90.810237471,
              29.784470636
            ],
            [
              -90.810018525,
              29.784868313
            ],
            [
              -90.810200067,
              29.784948798
            ]
          ]
        ]
      }
    },
    {
      "type": "Feature",
      "properties": {
        "id": 283
      },
      "geometry": {
        "type": "Polygon",
        "coordinates": [
          [
            [
              -90.809934918,
              29.784867806
            ],
            [
              -90.810205496,
              29.784416333
            ],
            [
              -90.810034746,
              29.784302375
            ],
            [
              -90.80981865,
              29.784680239
            ],
            [
              -90.80985508,
              29.784781511
            ],
            [
              -90.809573291,
              29.784692478
            ],
            [
              -90.809611701,
              29.784601054
            ],
            [
              -90.809350154,
              29.784493689
            ],
            [
              -90.80946003,
              29.784255799
            ],
            [
              -90.809646433,
              29.784322198
            ],
            [
              -90.809723013,
              29.784179133
            ],
            [
              -90.809511611,
              29.784056864
            ],
            [
              -90.809277682,
              29.784443131
            ],
            [
              -90.809108871,
              29.784581467
            ],
            [
              -90.809781089,
              29.784870143
            ],
            [
              -90.809818881,
              29.78481742
            ],
            [
              -90.809934918,
              29.784867806
            ]
          ]
        ]
      }
    },
    {
      "type": "Feature",
      "properties": {
        "id": 284
      },
      "geometry": {
        "type": "Polygon",
        "coordinates": [
          [
            [
              -90.809193652,
              29.78215142
            ],
            [
              -90.809297127,
              29.781963329
            ],
            [
              -90.80925462,
              29.781913979
            ],
            [
              -90.809310936,
              29.781816596
            ],
            [
              -90.809037927,
              29.781659414
            ],
            [
              -90.808881301,
              29.781943878
            ],
            [
              -90.809193652,
              29.78215142
            ]
          ]
        ]
      }
    },
    {
      "type": "Feature",
      "properties": {
        "id": 285
      },
      "geometry": {
        "type": "Polygon",
        "coordinates": [
          [
            [
              -90.809289351,
              29.781567079
            ],
            [
              -90.809388802,
              29.781365619
            ],
            [
              -90.809231212,
              29.781310521
            ],
            [
              -90.809120371,
              29.781523748
            ],
            [
              -90.809289351,
              29.781567079
            ]
          ]
        ]
      }
    },
    {
      "type": "Feature",
      "properties": {
        "id": 286
      },
      "geometry": {
        "type": "Polygon",
        "coordinates": [
          [
            [
              -90.809445614,
              29.781270907
            ],
            [
              -90.809673131,
              29.780364171
            ],
            [
              -90.809462116,
              29.780325522
            ],
            [
              -90.809234558,
              29.78122905
            ],
            [
              -90.809445614,
              29.781270907
            ]
          ]
        ]
      }
    },
    {
      "type": "Feature",
      "properties": {
        "id": 287
      },
      "geometry": {
        "type": "Polygon",
        "coordinates": [
          [
            [
              -90.810697211,
              29.780840198
            ],
            [
              -90.810807778,
              29.780445523
            ],
            [
              -90.810521704,
              29.780503368
            ],
            [
              -90.810428256,
              29.780814262
            ],
            [
              -90.810697211,
              29.780840198
            ]
          ]
        ]
      }
    },
    {
      "type": "Feature",
      "properties": {
        "id": 288
      },
      "geometry": {
        "type": "Polygon",
        "coordinates": [
          [
            [
              -90.808429755,
              29.781523538
            ],
            [
              -90.808552435,
              29.781532122
            ],
            [
              -90.808925943,
              29.78113876
            ],
            [
              -90.808795563,
              29.781056144
            ],
            [
              -90.808480435,
              29.781306956
            ],
            [
              -90.808197629,
              29.781074204
            ],
            [
              -90.808510169,
              29.780815909
            ],
            [
              -90.808421667,
              29.78068928
            ],
            [
              -90.807958211,
              29.781103431
            ],
            [
              -90.808429755,
              29.781523538
            ]
          ]
        ]
      }
    },
    {
      "type": "Feature",
      "properties": {
        "id": 289
      },
      "geometry": {
        "type": "Polygon",
        "coordinates": [
          [
            [
              -90.815274598,
              29.791750929
            ],
            [
              -90.81559288,
              29.790385294
            ],
            [
              -90.815493471,
              29.790366836
            ],
            [
              -90.815164984,
              29.791715104
            ],
            [
              -90.815274598,
              29.791750929
            ]
          ]
        ]
      }
    },
    {
      "type": "Feature",
      "properties": {
        "id": 290
      },
      "geometry": {
        "type": "Polygon",
        "coordinates": [
          [
            [
              -90.815326617,
              29.79036214
            ],
            [
              -90.815354319,
              29.790185685
            ],
            [
              -90.81487588,
              29.790101195
            ],
            [
              -90.814823955,
              29.790298691
            ],
            [
              -90.815326617,
              29.79036214
            ]
          ]
        ]
      }
    },
    {
      "type": "Feature",
      "properties": {
        "id": 291
      },
      "geometry": {
        "type": "Polygon",
        "coordinates": [
          [
            [
              -90.839557093,
              29.789802157
            ],
            [
              -90.839690931,
              29.789462412
            ],
            [
              -90.83912576,
              29.78931518
            ],
            [
              -90.83898859,
              29.789664346
            ],
            [
              -90.839557093,
              29.789802157
            ]
          ]
        ]
      }
    },
    {
      "type": "Feature",
      "properties": {
        "id": 292
      },
      "geometry": {
        "type": "Polygon",
        "coordinates": [
          [
            [
              -90.838112857,
              29.78940919
            ],
            [
              -90.838211575,
              29.789076618
            ],
            [
              -90.837858833,
              29.78899079
            ],
            [
              -90.837780891,
              29.789285218
            ],
            [
              -90.838112857,
              29.78940919
            ]
          ]
        ]
      }
    },
    {
      "type": "Feature",
      "properties": {
        "id": 293
      },
      "geometry": {
        "type": "Polygon",
        "coordinates": [
          [
            [
              -90.837991468,
              29.789980508
            ],
            [
              -90.83812979,
              29.789503662
            ],
            [
              -90.838037149,
              29.789486485
            ],
            [
              -90.837888108,
              29.789952111
            ],
            [
              -90.837991468,
              29.789980508
            ]
          ]
        ]
      }
    },
    {
      "type": "Feature",
      "properties": {
        "id": 294
      },
      "geometry": {
        "type": "Polygon",
        "coordinates": [
          [
            [
              -90.839149185,
              29.780902552
            ],
            [
              -90.839546445,
              29.779541916
            ],
            [
              -90.838981651,
              29.779457471
            ],
            [
              -90.838674685,
              29.780832422
            ],
            [
              -90.839149185,
              29.780902552
            ]
          ]
        ]
      }
    },
    {
      "type": "Feature",
      "properties": {
        "id": 295
      },
      "geometry": {
        "type": "Polygon",
        "coordinates": [
          [
            [
              -90.83931423,
              29.777117588
            ],
            [
              -90.839362112,
              29.776918247
            ],
            [
              -90.838389895,
              29.776729892
            ],
            [
              -90.838347608,
              29.776949894
            ],
            [
              -90.83931423,
              29.777117588
            ]
          ]
        ]
      }
    },
    {
      "type": "Feature",
      "properties": {
        "id": 296
      },
      "geometry": {
        "type": "Polygon",
        "coordinates": [
          [
            [
              -90.840087398,
              29.777461522
            ],
            [
              -90.840119081,
              29.777327877
            ],
            [
              -90.839641941,
              29.777236137
            ],
            [
              -90.839612917,
              29.77736604
            ],
            [
              -90.840087398,
              29.777461522
            ]
          ]
        ]
      }
    },
    {
      "type": "Feature",
      "properties": {
        "id": 297
      },
      "geometry": {
        "type": "Polygon",
        "coordinates": [
          [
            [
              -90.824051507,
              29.801040438
            ],
            [
              -90.824147878,
              29.801059267
            ],
            [
              -90.824127038,
              29.801129624
            ],
            [
              -90.824333584,
              29.801165954
            ],
            [
              -90.824431092,
              29.801233129
            ],
            [
              -90.824365021,
              29.80150561
            ],
            [
              -90.824532135,
              29.801542041
            ],
            [
              -90.824609768,
              29.801241553
            ],
            [
              -90.824690344,
              29.801267151
            ],
            [
              -90.824761569,
              29.800992833
            ],
            [
              -90.824103013,
              29.800868366
            ],
            [
              -90.824051507,
              29.801040438
            ]
          ]
        ]
      }
    },
    {
      "type": "Feature",
      "properties": {
        "id": 298
      },
      "geometry": {
        "type": "Polygon",
        "coordinates": [
          [
            [
              -90.821763438,
              29.802351678
            ],
            [
              -90.821953519,
              29.802389818
            ],
            [
              -90.822030375,
              29.802185313
            ],
            [
              -90.822119627,
              29.802194678
            ],
            [
              -90.822139691,
              29.802144687
            ],
            [
              -90.821833039,
              29.802080109
            ],
            [
              -90.821763438,
              29.802351678
            ]
          ]
        ]
      }
    },
    {
      "type": "Feature",
      "properties": {
        "id": 299
      },
      "geometry": {
        "type": "Polygon",
        "coordinates": [
          [
            [
              -90.822676463,
              29.80146881
            ],
            [
              -90.822691576,
              29.801341261
            ],
            [
              -90.822494277,
              29.801341884
            ],
            [
              -90.822492491,
              29.801466773
            ],
            [
              -90.822676463,
              29.80146881
            ]
          ]
        ]
      }
    },
    {
      "type": "Feature",
      "properties": {
        "id": 300
      },
      "geometry": {
        "type": "Polygon",
        "coordinates": [
          [
            [
              -90.825855294,
              29.797313286
            ],
            [
              -90.82584983,
              29.797190851
            ],
            [
              -90.825522296,
              29.797218314
            ],
            [
              -90.825532423,
              29.79734255
            ],
            [
              -90.825855294,
              29.797313286
            ]
          ]
        ]
      }
    },
    {
      "type": "Feature",
      "properties": {
        "id": 301
      },
      "geometry": {
        "type": "Polygon",
        "coordinates": [
          [
            [
              -90.824671177,
              29.7974647
            ],
            [
              -90.824912308,
              29.797409638
            ],
            [
              -90.824888435,
              29.797300418
            ],
            [
              -90.824638749,
              29.797326336
            ],
            [
              -90.824671177,
              29.7974647
            ]
          ]
        ]
      }
    },
    {
      "type": "Feature",
      "properties": {
        "id": 302
      },
      "geometry": {
        "type": "Polygon",
        "coordinates": [
          [
            [
              -90.824459193,
              29.797706137
            ],
            [
              -90.824686418,
              29.797659953
            ],
            [
              -90.82472373,
              29.797864395
            ],
            [
              -90.824766133,
              29.797854434
            ],
            [
              -90.824816482,
              29.797624372
            ],
            [
              -90.824704935,
              29.797611266
            ],
            [
              -90.824677688,
              29.797562273
            ],
            [
              -90.824435357,
              29.797623167
            ],
            [
              -90.824459193,
              29.797706137
            ]
          ]
        ]
      }
    },
    {
      "type": "Feature",
      "properties": {
        "id": 303
      },
      "geometry": {
        "type": "Polygon",
        "coordinates": [
          [
            [
              -90.822188725,
              29.793793219
            ],
            [
              -90.822180888,
              29.793860548
            ],
            [
              -90.822371702,
              29.793879024
            ],
            [
              -90.822576702,
              29.793907393
            ],
            [
              -90.822586236,
              29.793811349
            ],
            [
              -90.822188725,
              29.793793219
            ]
          ]
        ]
      }
    },
    {
      "type": "Feature",
      "properties": {
        "id": 304
      },
      "geometry": {
        "type": "Polygon",
        "coordinates": [
          [
            [
              -90.822139648,
              29.794342582
            ],
            [
              -90.82246047,
              29.79434836
            ],
            [
              -90.822455295,
              29.794513146
            ],
            [
              -90.822526415,
              29.794521534
            ],
            [
              -90.822539682,
              29.794300868
            ],
            [
              -90.822138553,
              29.794281003
            ],
            [
              -90.822139648,
              29.794342582
            ]
          ]
        ]
      }
    },
    {
      "type": "Feature",
      "properties": {
        "id": 305
      },
      "geometry": {
        "type": "Polygon",
        "coordinates": [
          [
            [
              -90.821661091,
              29.793261111
            ],
            [
              -90.822024546,
              29.793272977
            ],
            [
              -90.822000417,
              29.793657254
            ],
            [
              -90.82211263,
              29.793653662
            ],
            [
              -90.822149541,
              29.793209239
            ],
            [
              -90.821662202,
              29.793176796
            ],
            [
              -90.821661091,
              29.793261111
            ]
          ]
        ]
      }
    },
    {
      "type": "Feature",
      "properties": {
        "id": 306
      },
      "geometry": {
        "type": "Polygon",
        "coordinates": [
          [
            [
              -90.821179505,
              29.792789108
            ],
            [
              -90.821189998,
              29.792582438
            ],
            [
              -90.82104804,
              29.792591299
            ],
            [
              -90.821058145,
              29.792795768
            ],
            [
              -90.821179505,
              29.792789108
            ]
          ]
        ]
      }
    },
    {
      "type": "Feature",
      "properties": {
        "id": 307
      },
      "geometry": {
        "type": "Polygon",
        "coordinates": [
          [
            [
              -90.809069232,
              29.794243104
            ],
            [
              -90.809224905,
              29.793750102
            ],
            [
              -90.809118559,
              29.793726908
            ],
            [
              -90.808957983,
              29.794219546
            ],
            [
              -90.809069232,
              29.794243104
            ]
          ]
        ]
      }
    },
    {
      "type": "Feature",
      "properties": {
        "id": 308
      },
      "geometry": {
        "type": "Polygon",
        "coordinates": [
          [
            [
              -90.808906686,
              29.794210408
            ],
            [
              -90.809062443,
              29.793761968
            ],
            [
              -90.80891754,
              29.793724671
            ],
            [
              -90.808764696,
              29.794185095
            ],
            [
              -90.808906686,
              29.794210408
            ]
          ]
        ]
      }
    },
    {
      "type": "Feature",
      "properties": {
        "id": 309
      },
      "geometry": {
        "type": "Polygon",
        "coordinates": [
          [
            [
              -90.811226728,
              29.792938579
            ],
            [
              -90.811384737,
              29.792416865
            ],
            [
              -90.811209147,
              29.792491079
            ],
            [
              -90.811083114,
              29.792924731
            ],
            [
              -90.811226728,
              29.792938579
            ]
          ]
        ]
      }
    },
    {
      "type": "Feature",
      "properties": {
        "id": 310
      },
      "geometry": {
        "type": "Polygon",
        "coordinates": [
          [
            [
              -90.808957061,
              29.78890022
            ],
            [
              -90.80910124,
              29.788606446
            ],
            [
              -90.808968576,
              29.788599153
            ],
            [
              -90.808745209,
              29.788553516
            ],
            [
              -90.808334422,
              29.788425032
            ],
            [
              -90.808258901,
              29.788597207
            ],
            [
              -90.808760715,
              29.788799498
            ],
            [
              -90.808957061,
              29.78890022
            ]
          ]
        ]
      }
    },
    {
      "type": "Feature",
      "properties": {
        "id": 311
      },
      "geometry": {
        "type": "Polygon",
        "coordinates": [
          [
            [
              -90.811425646,
              29.787650296
            ],
            [
              -90.812252699,
              29.78781337
            ],
            [
              -90.81228345,
              29.787683831
            ],
            [
              -90.811469379,
              29.787538997
            ],
            [
              -90.811425646,
              29.787650296
            ]
          ]
        ]
      }
    },
    {
      "type": "Feature",
      "properties": {
        "id": 312
      },
      "geometry": {
        "type": "Polygon",
        "coordinates": [
          [
            [
              -90.81251091,
              29.787683946
            ],
            [
              -90.81267156,
              29.787074638
            ],
            [
              -90.812538937,
              29.78704775
            ],
            [
              -90.812536705,
              29.78698107
            ],
            [
              -90.812469378,
              29.786973555
            ],
            [
              -90.812387801,
              29.787299692
            ],
            [
              -90.812454861,
              29.787373827
            ],
            [
              -90.81239058,
              29.787597486
            ],
            [
              -90.812317019,
              29.787578741
            ],
            [
              -90.812297227,
              29.787678715
            ],
            [
              -90.81251091,
              29.787683946
            ]
          ]
        ]
      }
    },
    {
      "type": "Feature",
      "properties": {
        "id": 313
      },
      "geometry": {
        "type": "Polygon",
        "coordinates": [
          [
            [
              -90.813398622,
              29.786142803
            ],
            [
              -90.813696829,
              29.786196053
            ],
            [
              -90.813798879,
              29.78564126
            ],
            [
              -90.813498367,
              29.785609133
            ],
            [
              -90.813398622,
              29.786142803
            ]
          ]
        ]
      }
    },
    {
      "type": "Feature",
      "properties": {
        "id": 314
      },
      "geometry": {
        "type": "Polygon",
        "coordinates": [
          [
            [
              -90.815821423,
              29.785461351
            ],
            [
              -90.81589686,
              29.785226008
            ],
            [
              -90.815762697,
              29.785205667
            ],
            [
              -90.815733591,
              29.785298109
            ],
            [
              -90.815653654,
              29.78527383
            ],
            [
              -90.815650814,
              29.785224072
            ],
            [
              -90.815485078,
              29.785199724
            ],
            [
              -90.815440052,
              29.785390942
            ],
            [
              -90.81569998,
              29.785414402
            ],
            [
              -90.815821423,
              29.785461351
            ]
          ]
        ]
      }
    },
    {
      "type": "Feature",
      "properties": {
        "id": 315
      },
      "geometry": {
        "type": "Polygon",
        "coordinates": [
          [
            [
              -90.815402178,
              29.785076005
            ],
            [
              -90.815435224,
              29.784917009
            ],
            [
              -90.815222124,
              29.784876071
            ],
            [
              -90.815183038,
              29.785037063
            ],
            [
              -90.815402178,
              29.785076005
            ]
          ]
        ]
      }
    },
    {
      "type": "Feature",
      "properties": {
        "id": 316
      },
      "geometry": {
        "type": "Polygon",
        "coordinates": [
          [
            [
              -90.816546357,
              29.785924303
            ],
            [
              -90.81660854,
              29.785670439
            ],
            [
              -90.816271357,
              29.785694145
            ],
            [
              -90.81624574,
              29.785869816
            ],
            [
              -90.816546357,
              29.785924303
            ]
          ]
        ]
      }
    },
    {
      "type": "Feature",
      "properties": {
        "id": 317
      },
      "geometry": {
        "type": "Polygon",
        "coordinates": [
          [
            [
              -90.81610989,
              29.785935724
            ],
            [
              -90.81614698,
              29.785728117
            ],
            [
              -90.815895796,
              29.785732009
            ],
            [
              -90.815862362,
              29.785888294
            ],
            [
              -90.81610989,
              29.785935724
            ]
          ]
        ]
      }
    },
    {
      "type": "Feature",
      "properties": {
        "id": 318
      },
      "geometry": {
        "type": "Polygon",
        "coordinates": [
          [
            [
              -90.815154844,
              29.7811402
            ],
            [
              -90.815213622,
              29.780988428
            ],
            [
              -90.814790828,
              29.780894863
            ],
            [
              -90.814736838,
              29.781064814
            ],
            [
              -90.815154844,
              29.7811402
            ]
          ]
        ]
      }
    },
    {
      "type": "Feature",
      "properties": {
        "id": 319
      },
      "geometry": {
        "type": "Polygon",
        "coordinates": [
          [
            [
              -90.816752046,
              29.781348052
            ],
            [
              -90.816901662,
              29.781376942
            ],
            [
              -90.816988803,
              29.780890897
            ],
            [
              -90.816863975,
              29.780877302
            ],
            [
              -90.816752046,
              29.781348052
            ]
          ]
        ]
      }
    },
    {
      "type": "Feature",
      "properties": {
        "id": 320
      },
      "geometry": {
        "type": "Polygon",
        "coordinates": [
          [
            [
              -90.820073844,
              29.792077694
            ],
            [
              -90.820152728,
              29.79211481
            ],
            [
              -90.820204047,
              29.791989828
            ],
            [
              -90.820311644,
              29.792013455
            ],
            [
              -90.820339435,
              29.791961554
            ],
            [
              -90.820419703,
              29.791881148
            ],
            [
              -90.820196241,
              29.791807743
            ],
            [
              -90.820073844,
              29.792077694
            ]
          ]
        ]
      }
    },
    {
      "type": "Feature",
      "properties": {
        "id": 321
      },
      "geometry": {
        "type": "Polygon",
        "coordinates": [
          [
            [
              -90.82245942,
              29.795243482
            ],
            [
              -90.822482644,
              29.795042713
            ],
            [
              -90.822400951,
              29.795042168
            ],
            [
              -90.822398489,
              29.795197765
            ],
            [
              -90.822233439,
              29.795189528
            ],
            [
              -90.82223423,
              29.795244054
            ],
            [
              -90.82245942,
              29.795243482
            ]
          ]
        ]
      }
    },
    {
      "type": "Feature",
      "properties": {
        "id": 322
      },
      "geometry": {
        "type": "Polygon",
        "coordinates": [
          [
            [
              -90.822431605,
              29.795608313
            ],
            [
              -90.822441271,
              29.795479785
            ],
            [
              -90.822148648,
              29.795471092
            ],
            [
              -90.822138778,
              29.795563302
            ],
            [
              -90.822269934,
              29.795579227
            ],
            [
              -90.822431605,
              29.795608313
            ]
          ]
        ]
      }
    },
    {
      "type": "Feature",
      "properties": {
        "id": 323
      },
      "geometry": {
        "type": "Polygon",
        "coordinates": [
          [
            [
              -90.821048172,
              29.796352688
            ],
            [
              -90.821134102,
              29.796355307
            ],
            [
              -90.821127763,
              29.796178658
            ],
            [
              -90.821043085,
              29.79618109
            ],
            [
              -90.821048172,
              29.796352688
            ]
          ]
        ]
      }
    },
    {
      "type": "Feature",
      "properties": {
        "id": 324
      },
      "geometry": {
        "type": "Polygon",
        "coordinates": [
          [
            [
              -90.838616027,
              29.790601265
            ],
            [
              -90.83906921,
              29.790720585
            ],
            [
              -90.839143909,
              29.790514156
            ],
            [
              -90.838694633,
              29.790376915
            ],
            [
              -90.838616027,
              29.790601265
            ]
          ]
        ]
      }
    },
    {
      "type": "Feature",
      "properties": {
        "id": 325
      },
      "geometry": {
        "type": "Polygon",
        "coordinates": [
          [
            [
              -90.837962508,
              29.790334319
            ],
            [
              -90.83805912,
              29.790312056
            ],
            [
              -90.838139109,
              29.790056644
            ],
            [
              -90.838204556,
              29.790016353
            ],
            [
              -90.838231997,
              29.789920506
            ],
            [
              -90.838109338,
              29.789889163
            ],
            [
              -90.837962508,
              29.790334319
            ]
          ]
        ]
      }
    },
    {
      "type": "Feature",
      "properties": {
        "id": 326
      },
      "geometry": {
        "type": "Polygon",
        "coordinates": [
          [
            [
              -90.838370969,
              29.784134788
            ],
            [
              -90.838481552,
              29.783710447
            ],
            [
              -90.837467044,
              29.783483975
            ],
            [
              -90.837344815,
              29.783917821
            ],
            [
              -90.838370969,
              29.784134788
            ]
          ]
        ]
      }
    },
    {
      "type": "Feature",
      "properties": {
        "id": 327
      },
      "geometry": {
        "type": "Polygon",
        "coordinates": [
          [
            [
              -90.838595305,
              29.78338172
            ],
            [
              -90.838640861,
              29.783221294
            ],
            [
              -90.83828508,
              29.783154493
            ],
            [
              -90.838244816,
              29.783308172
            ],
            [
              -90.838595305,
              29.78338172
            ]
          ]
        ]
      }
    },
    {
      "type": "Feature",
      "properties": {
        "id": 328
      },
      "geometry": {
        "type": "Polygon",
        "coordinates": [
          [
            [
              -90.838696328,
              29.783748484
            ],
            [
              -90.838920041,
              29.783812047
            ],
            [
              -90.838970144,
              29.78362726
            ],
            [
              -90.838741056,
              29.783575155
            ],
            [
              -90.838696328,
              29.783748484
            ]
          ]
        ]
      }
    },
    {
      "type": "Feature",
      "properties": {
        "id": 329
      },
      "geometry": {
        "type": "Polygon",
        "coordinates": [
          [
            [
              -90.838732727,
              29.783975282
            ],
            [
              -90.839113569,
              29.784068907
            ],
            [
              -90.83917965,
              29.783866571
            ],
            [
              -90.838999585,
              29.783844501
            ],
            [
              -90.838960159,
              29.783964988
            ],
            [
              -90.838749983,
              29.783915552
            ],
            [
              -90.838789352,
              29.783792769
            ],
            [
              -90.838643863,
              29.783755868
            ],
            [
              -90.838597283,
              29.783937643
            ],
            [
              -90.838732727,
              29.783975282
            ]
          ]
        ]
      }
    },
    {
      "type": "Feature",
      "properties": {
        "id": 330
      },
      "geometry": {
        "type": "Polygon",
        "coordinates": [
          [
            [
              -90.838692571,
              29.784156942
            ],
            [
              -90.838750333,
              29.784000823
            ],
            [
              -90.838578677,
              29.783966077
            ],
            [
              -90.838536977,
              29.784127666
            ],
            [
              -90.838692571,
              29.784156942
            ]
          ]
        ]
      }
    },
    {
      "type": "Feature",
      "properties": {
        "id": 331
      },
      "geometry": {
        "type": "Polygon",
        "coordinates": [
          [
            [
              -90.838633616,
              29.784750139
            ],
            [
              -90.838727724,
              29.784451206
            ],
            [
              -90.838634769,
              29.784439803
            ],
            [
              -90.838573398,
              29.784739818
            ],
            [
              -90.838633616,
              29.784750139
            ]
          ]
        ]
      }
    },
    {
      "type": "Feature",
      "properties": {
        "id": 332
      },
      "geometry": {
        "type": "Polygon",
        "coordinates": [
          [
            [
              -90.83855297,
              29.785207181
            ],
            [
              -90.838649131,
              29.784842014
            ],
            [
              -90.838374394,
              29.784780898
            ],
            [
              -90.838279689,
              29.785155059
            ],
            [
              -90.83855297,
              29.785207181
            ]
          ]
        ]
      }
    },
    {
      "type": "Feature",
      "properties": {
        "id": 333
      },
      "geometry": {
        "type": "Polygon",
        "coordinates": [
          [
            [
              -90.835839578,
              29.783425527
            ],
            [
              -90.835911904,
              29.7832949
            ],
            [
              -90.835492033,
              29.783146659
            ],
            [
              -90.835436147,
              29.783319243
            ],
            [
              -90.835839578,
              29.783425527
            ]
          ]
        ]
      }
    },
    {
      "type": "Feature",
      "properties": {
        "id": 334
      },
      "geometry": {
        "type": "Polygon",
        "coordinates": [
          [
            [
              -90.835898065,
              29.782957739
            ],
            [
              -90.835969647,
              29.78278298
            ],
            [
              -90.835647855,
              29.782688918
            ],
            [
              -90.835573476,
              29.782848672
            ],
            [
              -90.835898065,
              29.782957739
            ]
          ]
        ]
      }
    },
    {
      "type": "Feature",
      "properties": {
        "id": 335
      },
      "geometry": {
        "type": "Polygon",
        "coordinates": [
          [
            [
              -90.841800939,
              29.777307703
            ],
            [
              -90.842038398,
              29.77660752
            ],
            [
              -90.841759867,
              29.776547317
            ],
            [
              -90.841480582,
              29.777241445
            ],
            [
              -90.841800939,
              29.777307703
            ]
          ]
        ]
      }
    },
    {
      "type": "Feature",
      "properties": {
        "id": 336
      },
      "geometry": {
        "type": "Polygon",
        "coordinates": [
          [
            [
              -90.820172671,
              29.780187331
            ],
            [
              -90.819978316,
              29.779538721
            ],
            [
              -90.819208825,
              29.779756661
            ],
            [
              -90.819274487,
              29.779867078
            ],
            [
              -90.819702195,
              29.77974092
            ],
            [
              -90.819760177,
              29.779898015
            ],
            [
              -90.819366709,
              29.779997073
            ],
            [
              -90.81950302,
              29.780349581
            ],
            [
              -90.820172671,
              29.780187331
            ]
          ]
        ]
      }
    },
    {
      "type": "Feature",
      "properties": {
        "id": 337
      },
      "geometry": {
        "type": "Polygon",
        "coordinates": [
          [
            [
              -90.820031153,
              29.780730624
            ],
            [
              -90.819946779,
              29.780535529
            ],
            [
              -90.819684477,
              29.780605905
            ],
            [
              -90.819778344,
              29.780802364
            ],
            [
              -90.820031153,
              29.780730624
            ]
          ]
        ]
      }
    },
    {
      "type": "Feature",
      "properties": {
        "id": 338
      },
      "geometry": {
        "type": "Polygon",
        "coordinates": [
          [
            [
              -90.818688586,
              29.781033831
            ],
            [
              -90.818763211,
              29.781047867
            ],
            [
              -90.8188061,
              29.780794614
            ],
            [
              -90.818509507,
              29.78077048
            ],
            [
              -90.818505211,
              29.780868309
            ],
            [
              -90.818703715,
              29.780883304
            ],
            [
              -90.818688586,
              29.781033831
            ]
          ]
        ]
      }
    },
    {
      "type": "Feature",
      "properties": {
        "id": 339
      },
      "geometry": {
        "type": "Polygon",
        "coordinates": [
          [
            [
              -90.81868007,
              29.779817151
            ],
            [
              -90.818473504,
              29.779881402
            ],
            [
              -90.818497151,
              29.779952834
            ],
            [
              -90.818759803,
              29.77987295
            ],
            [
              -90.818858354,
              29.779799463
            ],
            [
              -90.818739383,
              29.779572333
            ],
            [
              -90.818606928,
              29.77962153
            ],
            [
              -90.81868007,
              29.779817151
            ]
          ]
        ]
      }
    },
    {
      "type": "Feature",
      "properties": {
        "id": 340
      },
      "geometry": {
        "type": "Polygon",
        "coordinates": [
          [
            [
              -90.818785276,
              29.778837819
            ],
            [
              -90.818836269,
              29.778955384
            ],
            [
              -90.819304073,
              29.778834408
            ],
            [
              -90.819340252,
              29.778933922
            ],
            [
              -90.819515612,
              29.778909687
            ],
            [
              -90.81946225,
              29.778714088
            ],
            [
              -90.819395688,
              29.778410308
            ],
            [
              -90.819248219,
              29.778453958
            ],
            [
              -90.819309302,
              29.778710896
            ],
            [
              -90.818785276,
              29.778837819
            ]
          ]
        ]
      }
    },
    {
      "type": "Feature",
      "properties": {
        "id": 341
      },
      "geometry": {
        "type": "Polygon",
        "coordinates": [
          [
            [
              -90.8192217,
              29.778457296
            ],
            [
              -90.818662313,
              29.778583619
            ],
            [
              -90.818738772,
              29.778813311
            ],
            [
              -90.818908641,
              29.778783615
            ],
            [
              -90.81888601,
              29.778707718
            ],
            [
              -90.818866837,
              29.778622836
            ],
            [
              -90.818959462,
              29.778608081
            ],
            [
              -90.819041458,
              29.778616015
            ],
            [
              -90.8190584,
              29.778667055
            ],
            [
              -90.818914357,
              29.778709782
            ],
            [
              -90.818936527,
              29.77877779
            ],
            [
              -90.819290034,
              29.778693463
            ],
            [
              -90.8192217,
              29.778457296
            ]
          ]
        ]
      }
    },
    {
      "type": "Feature",
      "properties": {
        "id": 342
      },
      "geometry": {
        "type": "Polygon",
        "coordinates": [
          [
            [
              -90.818654282,
              29.778566177
            ],
            [
              -90.818590904,
              29.778359609
            ],
            [
              -90.818480593,
              29.778388692
            ],
            [
              -90.818567294,
              29.778602288
            ],
            [
              -90.818654282,
              29.778566177
            ]
          ]
        ]
      }
    },
    {
      "type": "Feature",
      "properties": {
        "id": 343
      },
      "geometry": {
        "type": "Polygon",
        "coordinates": [
          [
            [
              -90.817386723,
              29.778244047
            ],
            [
              -90.817412251,
              29.778333658
            ],
            [
              -90.817768697,
              29.77828221
            ],
            [
              -90.817754909,
              29.778184382
            ],
            [
              -90.817386723,
              29.778244047
            ]
          ]
        ]
      }
    },
    {
      "type": "Feature",
      "properties": {
        "id": 344
      },
      "geometry": {
        "type": "Polygon",
        "coordinates": [
          [
            [
              -90.817905077,
              29.778325547
            ],
            [
              -90.818086278,
              29.77829892
            ],
            [
              -90.81805954,
              29.778246193
            ],
            [
              -90.8179057,
              29.778272229
            ],
            [
              -90.817905077,
              29.778325547
            ]
          ]
        ]
      }
    },
    {
      "type": "Feature",
      "properties": {
        "id": 345
      },
      "geometry": {
        "type": "Polygon",
        "coordinates": [
          [
            [
              -90.818163774,
              29.778583449
            ],
            [
              -90.818136213,
              29.778527249
            ],
            [
              -90.817840919,
              29.778546896
            ],
            [
              -90.817827246,
              29.778605538
            ],
            [
              -90.818163774,
              29.778583449
            ]
          ]
        ]
      }
    },
    {
      "type": "Feature",
      "properties": {
        "id": 346
      },
      "geometry": {
        "type": "Polygon",
        "coordinates": [
          [
            [
              -90.821180681,
              29.784344849
            ],
            [
              -90.82109484,
              29.784188553
            ],
            [
              -90.82087932,
              29.784267583
            ],
            [
              -90.820976393,
              29.784440738
            ],
            [
              -90.821180681,
              29.784344849
            ]
          ]
        ]
      }
    },
    {
      "type": "Feature",
      "properties": {
        "id": 347
      },
      "geometry": {
        "type": "Polygon",
        "coordinates": [
          [
            [
              -90.820864474,
              29.784277467
            ],
            [
              -90.820927181,
              29.783863038
            ],
            [
              -90.820692089,
              29.783857145
            ],
            [
              -90.820639545,
              29.784397572
            ],
            [
              -90.820724129,
              29.784399918
            ],
            [
              -90.820737865,
              29.784266196
            ],
            [
              -90.820864474,
              29.784277467
            ]
          ]
        ]
      }
    },
    {
      "type": "Feature",
      "properties": {
        "id": 348
      },
      "geometry": {
        "type": "Polygon",
        "coordinates": [
          [
            [
              -90.820633755,
              29.783754093
            ],
            [
              -90.82057483,
              29.783566432
            ],
            [
              -90.820163603,
              29.783523939
            ],
            [
              -90.820216409,
              29.783655948
            ],
            [
              -90.820269901,
              29.783669608
            ],
            [
              -90.820266614,
              29.783725055
            ],
            [
              -90.820633755,
              29.783754093
            ]
          ]
        ]
      }
    },
    {
      "type": "Feature",
      "properties": {
        "id": 349
      },
      "geometry": {
        "type": "Polygon",
        "coordinates": [
          [
            [
              -90.820069418,
              29.783669622
            ],
            [
              -90.82008812,
              29.783514743
            ],
            [
              -90.819892791,
              29.783497365
            ],
            [
              -90.819880647,
              29.7836579
            ],
            [
              -90.820069418,
              29.783669622
            ]
          ]
        ]
      }
    },
    {
      "type": "Feature",
      "properties": {
        "id": 350
      },
      "geometry": {
        "type": "Polygon",
        "coordinates": [
          [
            [
              -90.820228632,
              29.784052289
            ],
            [
              -90.820266183,
              29.783746788
            ],
            [
              -90.820064305,
              29.783720154
            ],
            [
              -90.820031312,
              29.784045096
            ],
            [
              -90.820228632,
              29.784052289
            ]
          ]
        ]
      }
    },
    {
      "type": "Feature",
      "properties": {
        "id": 351
      },
      "geometry": {
        "type": "Polygon",
        "coordinates": [
          [
            [
              -90.820703939,
              29.784525452
            ],
            [
              -90.820704285,
              29.784466836
            ],
            [
              -90.820450931,
              29.784438301
            ],
            [
              -90.820457499,
              29.784515711
            ],
            [
              -90.820703939,
              29.784525452
            ]
          ]
        ]
      }
    },
    {
      "type": "Feature",
      "properties": {
        "id": 352
      },
      "geometry": {
        "type": "Polygon",
        "coordinates": [
          [
            [
              -90.816880892,
              29.792819961
            ],
            [
              -90.816918888,
              29.792599698
            ],
            [
              -90.81685441,
              29.79259317
            ],
            [
              -90.816817294,
              29.79280003
            ],
            [
              -90.816880892,
              29.792819961
            ]
          ]
        ]
      }
    },
    {
      "type": "Feature",
      "properties": {
        "id": 353
      },
      "geometry": {
        "type": "Polygon",
        "coordinates": [
          [
            [
              -90.815165482,
              29.79252234
            ],
            [
              -90.815254623,
              29.792166346
            ],
            [
              -90.815080657,
              29.792095933
            ],
            [
              -90.815065266,
              29.792196379
            ],
            [
              -90.815003831,
              29.792194859
            ],
            [
              -90.814956893,
              29.79248602
            ],
            [
              -90.815165482,
              29.79252234
            ]
          ]
        ]
      }
    },
    {
      "type": "Feature",
      "properties": {
        "id": 354
      },
      "geometry": {
        "type": "Polygon",
        "coordinates": [
          [
            [
              -90.80805568,
              29.78978316
            ],
            [
              -90.808227802,
              29.789524332
            ],
            [
              -90.808026594,
              29.789499736
            ],
            [
              -90.808014652,
              29.789758824
            ],
            [
              -90.80805568,
              29.78978316
            ]
          ]
        ]
      }
    },
    {
      "type": "Feature",
      "properties": {
        "id": 355
      },
      "geometry": {
        "type": "Polygon",
        "coordinates": [
          [
            [
              -90.8088598,
              29.790217493
            ],
            [
              -90.808792567,
              29.789613529
            ],
            [
              -90.80871647,
              29.789612365
            ],
            [
              -90.808785909,
              29.790231718
            ],
            [
              -90.8088598,
              29.790217493
            ]
          ]
        ]
      }
    },
    {
      "type": "Feature",
      "properties": {
        "id": 356
      },
      "geometry": {
        "type": "Polygon",
        "coordinates": [
          [
            [
              -90.808734381,
              29.789974405
            ],
            [
              -90.808726193,
              29.789816899
            ],
            [
              -90.808572338,
              29.789741993
            ],
            [
              -90.808517719,
              29.789877512
            ],
            [
              -90.808734381,
              29.789974405
            ]
          ]
        ]
      }
    },
    {
      "type": "Feature",
      "properties": {
        "id": 357
      },
      "geometry": {
        "type": "Polygon",
        "coordinates": [
          [
            [
              -90.805947931,
              29.789484366
            ],
            [
              -90.806846733,
              29.789692929
            ],
            [
              -90.806868443,
              29.789632352
            ],
            [
              -90.805970657,
              29.789413524
            ],
            [
              -90.805947931,
              29.789484366
            ]
          ]
        ]
      }
    },
    {
      "type": "Feature",
      "properties": {
        "id": 358
      },
      "geometry": {
        "type": "Polygon",
        "coordinates": [
          [
            [
              -90.805239783,
              29.790801358
            ],
            [
              -90.805831388,
              29.790939713
            ],
            [
              -90.805868446,
              29.790809669
            ],
            [
              -90.805273866,
              29.790657111
            ],
            [
              -90.805239783,
              29.790801358
            ]
          ]
        ]
      }
    },
    {
      "type": "Feature",
      "properties": {
        "id": 359
      },
      "geometry": {
        "type": "Polygon",
        "coordinates": [
          [
            [
              -90.816067519,
              29.800796699
            ],
            [
              -90.816139876,
              29.800815969
            ],
            [
              -90.816315068,
              29.800253051
            ],
            [
              -90.816239956,
              29.800239931
            ],
            [
              -90.816067519,
              29.800796699
            ]
          ]
        ]
      }
    },
    {
      "type": "Feature",
      "properties": {
        "id": 360
      },
      "geometry": {
        "type": "Polygon",
        "coordinates": [
          [
            [
              -90.816787845,
              29.802074982
            ],
            [
              -90.816875656,
              29.802065836
            ],
            [
              -90.816956394,
              29.801746707
            ],
            [
              -90.816880433,
              29.801739216
            ],
            [
              -90.816787845,
              29.802074982
            ]
          ]
        ]
      }
    },
    {
      "type": "Feature",
      "properties": {
        "id": 361
      },
      "geometry": {
        "type": "Polygon",
        "coordinates": [
          [
            [
              -90.816877368,
              29.801731267
            ],
            [
              -90.816893184,
              29.801673053
            ],
            [
              -90.816630715,
              29.801629371
            ],
            [
              -90.816617733,
              29.8016898
            ],
            [
              -90.816877368,
              29.801731267
            ]
          ]
        ]
      }
    },
    {
      "type": "Feature",
      "properties": {
        "id": 362
      },
      "geometry": {
        "type": "Polygon",
        "coordinates": [
          [
            [
              -90.816353054,
              29.801879145
            ],
            [
              -90.816435788,
              29.801601446
            ],
            [
              -90.816374029,
              29.801593491
            ],
            [
              -90.816291462,
              29.801864261
            ],
            [
              -90.816353054,
              29.801879145
            ]
          ]
        ]
      }
    },
    {
      "type": "Feature",
      "properties": {
        "id": 363
      },
      "geometry": {
        "type": "Polygon",
        "coordinates": [
          [
            [
              -90.815788949,
              29.812744252
            ],
            [
              -90.816532245,
              29.812893585
            ],
            [
              -90.816557978,
              29.812785324
            ],
            [
              -90.816148805,
              29.812690425
            ],
            [
              -90.816162394,
              29.812597554
            ],
            [
              -90.815843075,
              29.812554491
            ],
            [
              -90.815788949,
              29.812744252
            ]
          ]
        ]
      }
    },
    {
      "type": "Feature",
      "properties": {
        "id": 364
      },
      "geometry": {
        "type": "Polygon",
        "coordinates": [
          [
            [
              -90.815027704,
              29.81476765
            ],
            [
              -90.815105897,
              29.814788327
            ],
            [
              -90.8151571,
              29.814597611
            ],
            [
              -90.81507018,
              29.81459183
            ],
            [
              -90.815027704,
              29.81476765
            ]
          ]
        ]
      }
    },
    {
      "type": "Feature",
      "properties": {
        "id": 365
      },
      "geometry": {
        "type": "Polygon",
        "coordinates": [
          [
            [
              -90.827594011,
              29.794845994
            ],
            [
              -90.827605358,
              29.794782652
            ],
            [
              -90.827663591,
              29.794786998
            ],
            [
              -90.827709571,
              29.794567035
            ],
            [
              -90.827427206,
              29.794519345
            ],
            [
              -90.827395559,
              29.794740259
            ],
            [
              -90.827594011,
              29.794845994
            ]
          ]
        ]
      }
    },
    {
      "type": "Feature",
      "properties": {
        "id": 366
      },
      "geometry": {
        "type": "Polygon",
        "coordinates": [
          [
            [
              -90.827289173,
              29.792159468
            ],
            [
              -90.827364884,
              29.791828238
            ],
            [
              -90.827261714,
              29.791836026
            ],
            [
              -90.827232356,
              29.792020061
            ],
            [
              -90.827215068,
              29.792108819
            ],
            [
              -90.827136556,
              29.792095648
            ],
            [
              -90.827125209,
              29.792175986
            ],
            [
              -90.827289173,
              29.792159468
            ]
          ]
        ]
      }
    },
    {
      "type": "Feature",
      "properties": {
        "id": 367
      },
      "geometry": {
        "type": "Polygon",
        "coordinates": [
          [
            [
              -90.827355911,
              29.791812025
            ],
            [
              -90.827388422,
              29.791676576
            ],
            [
              -90.827256276,
              29.79165399
            ],
            [
              -90.827225677,
              29.791806896
            ],
            [
              -90.827355911,
              29.791812025
            ]
          ]
        ]
      }
    },
    {
      "type": "Feature",
      "properties": {
        "id": 368
      },
      "geometry": {
        "type": "Polygon",
        "coordinates": [
          [
            [
              -90.827319114,
              29.791489076
            ],
            [
              -90.827414903,
              29.79151098
            ],
            [
              -90.827436193,
              29.791395721
            ],
            [
              -90.827346633,
              29.791392953
            ],
            [
              -90.827319114,
              29.791489076
            ]
          ]
        ]
      }
    },
    {
      "type": "Feature",
      "properties": {
        "id": 369
      },
      "geometry": {
        "type": "Polygon",
        "coordinates": [
          [
            [
              -90.827335527,
              29.791372699
            ],
            [
              -90.827435099,
              29.791384346
            ],
            [
              -90.827474603,
              29.791218636
            ],
            [
              -90.82739771,
              29.791209466
            ],
            [
              -90.827367216,
              29.791326949
            ],
            [
              -90.827339228,
              29.791323539
            ],
            [
              -90.827335527,
              29.791372699
            ]
          ]
        ]
      }
    },
    {
      "type": "Feature",
      "properties": {
        "id": 370
      },
      "geometry": {
        "type": "Polygon",
        "coordinates": [
          [
            [
              -90.827839955,
              29.791422081
            ],
            [
              -90.827960911,
              29.791438507
            ],
            [
              -90.828006881,
              29.791315997
            ],
            [
              -90.827884117,
              29.791309991
            ],
            [
              -90.827839955,
              29.791422081
            ]
          ]
        ]
      }
    },
    {
      "type": "Feature",
      "properties": {
        "id": 371
      },
      "geometry": {
        "type": "Polygon",
        "coordinates": [
          [
            [
              -90.832807495,
              29.796214713
            ],
            [
              -90.832863533,
              29.796040078
            ],
            [
              -90.832738852,
              29.79602207
            ],
            [
              -90.832712779,
              29.796115443
            ],
            [
              -90.832768891,
              29.796135464
            ],
            [
              -90.832751959,
              29.796191873
            ],
            [
              -90.832807495,
              29.796214713
            ]
          ]
        ]
      }
    },
    {
      "type": "Feature",
      "properties": {
        "id": 372
      },
      "geometry": {
        "type": "Polygon",
        "coordinates": [
          [
            [
              -90.83311019,
              29.795773131
            ],
            [
              -90.833191908,
              29.795477412
            ],
            [
              -90.833115884,
              29.795460764
            ],
            [
              -90.83302745,
              29.795767934
            ],
            [
              -90.83311019,
              29.795773131
            ]
          ]
        ]
      }
    },
    {
      "type": "Feature",
      "properties": {
        "id": 373
      },
      "geometry": {
        "type": "Polygon",
        "coordinates": [
          [
            [
              -90.837807484,
              29.798528959
            ],
            [
              -90.837817631,
              29.798494686
            ],
            [
              -90.83633539,
              29.798019137
            ],
            [
              -90.836308516,
              29.798090999
            ],
            [
              -90.836553786,
              29.798165861
            ],
            [
              -90.836904564,
              29.798289745
            ],
            [
              -90.837201901,
              29.798380583
            ],
            [
              -90.837221256,
              29.798360722
            ],
            [
              -90.837333115,
              29.798388571
            ],
            [
              -90.837324343,
              29.798417436
            ],
            [
              -90.83769481,
              29.798536621
            ],
            [
              -90.837715319,
              29.798498562
            ],
            [
              -90.837807484,
              29.798528959
            ]
          ]
        ]
      }
    },
    {
      "type": "Feature",
      "properties": {
        "id": 374
      },
      "geometry": {
        "type": "Polygon",
        "coordinates": [
          [
            [
              -90.838065578,
              29.798811348
            ],
            [
              -90.838132256,
              29.798835388
            ],
            [
              -90.838189353,
              29.798694425
            ],
            [
              -90.838134305,
              29.79866548
            ],
            [
              -90.838065578,
              29.798811348
            ]
          ]
        ]
      }
    },
    {
      "type": "Feature",
      "properties": {
        "id": 375
      },
      "geometry": {
        "type": "Polygon",
        "coordinates": [
          [
            [
              -90.837582356,
              29.797966468
            ],
            [
              -90.837563978,
              29.798030174
            ],
            [
              -90.837598503,
              29.798043042
            ],
            [
              -90.83772859,
              29.797692023
            ],
            [
              -90.837684564,
              29.797680071
            ],
            [
              -90.837582356,
              29.797966468
            ]
          ]
        ]
      }
    },
    {
      "type": "Feature",
      "properties": {
        "id": 376
      },
      "geometry": {
        "type": "Polygon",
        "coordinates": [
          [
            [
              -90.837980386,
              29.797755774
            ],
            [
              -90.838050757,
              29.797778118
            ],
            [
              -90.838214587,
              29.797329822
            ],
            [
              -90.838154106,
              29.797314865
            ],
            [
              -90.837980386,
              29.797755774
            ]
          ]
        ]
      }
    },
    {
      "type": "Feature",
      "properties": {
        "id": 377
      },
      "geometry": {
        "type": "Polygon",
        "coordinates": [
          [
            [
              -90.837772274,
              29.797604818
            ],
            [
              -90.837844877,
              29.797420625
            ],
            [
              -90.837793941,
              29.797404536
            ],
            [
              -90.837732303,
              29.797595196
            ],
            [
              -90.837772274,
              29.797604818
            ]
          ]
        ]
      }
    },
    {
      "type": "Feature",
      "properties": {
        "id": 378
      },
      "geometry": {
        "type": "Polygon",
        "coordinates": [
          [
            [
              -90.837918161,
              29.797626875
            ],
            [
              -90.837969778,
              29.797644491
            ],
            [
              -90.838035822,
              29.797475837
            ],
            [
              -90.837983812,
              29.797459085
            ],
            [
              -90.837918161,
              29.797626875
            ]
          ]
        ]
      }
    },
    {
      "type": "Feature",
      "properties": {
        "id": 379
      },
      "geometry": {
        "type": "Polygon",
        "coordinates": [
          [
            [
              -90.830230826,
              29.796111931
            ],
            [
              -90.830267424,
              29.795983661
            ],
            [
              -90.829962165,
              29.795918024
            ],
            [
              -90.829928554,
              29.796066165
            ],
            [
              -90.830230826,
              29.796111931
            ]
          ]
        ]
      }
    },
    {
      "type": "Feature",
      "properties": {
        "id": 380
      },
      "geometry": {
        "type": "Polygon",
        "coordinates": [
          [
            [
              -90.830174872,
              29.79634722
            ],
            [
              -90.830194386,
              29.796260884
            ],
            [
              -90.829942903,
              29.796213377
            ],
            [
              -90.829921225,
              29.796310996
            ],
            [
              -90.830174872,
              29.79634722
            ]
          ]
        ]
      }
    },
    {
      "type": "Feature",
      "properties": {
        "id": 381
      },
      "geometry": {
        "type": "Polygon",
        "coordinates": [
          [
            [
              -90.826851773,
              29.795875791
            ],
            [
              -90.826874964,
              29.795725205
            ],
            [
              -90.826775948,
              29.79571944
            ],
            [
              -90.826746627,
              29.7958696
            ],
            [
              -90.826851773,
              29.795875791
            ]
          ]
        ]
      }
    },
    {
      "type": "Feature",
      "properties": {
        "id": 382
      },
      "geometry": {
        "type": "Polygon",
        "coordinates": [
          [
            [
              -90.825771304,
              29.795859116
            ],
            [
              -90.825809699,
              29.795709957
            ],
            [
              -90.825717016,
              29.795700628
            ],
            [
              -90.825690891,
              29.795847769
            ],
            [
              -90.825771304,
              29.795859116
            ]
          ]
        ]
      }
    },
    {
      "type": "Feature",
      "properties": {
        "id": 383
      },
      "geometry": {
        "type": "Polygon",
        "coordinates": [
          [
            [
              -90.825420899,
              29.795735091
            ],
            [
              -90.82551091,
              29.795745213
            ],
            [
              -90.825544275,
              29.795588936
            ],
            [
              -90.825453253,
              29.795575077
            ],
            [
              -90.825420899,
              29.795735091
            ]
          ]
        ]
      }
    },
    {
      "type": "Feature",
      "properties": {
        "id": 384
      },
      "geometry": {
        "type": "Polygon",
        "coordinates": [
          [
            [
              -90.818921566,
              29.795054955
            ],
            [
              -90.818984221,
              29.794914246
            ],
            [
              -90.818796519,
              29.794852009
            ],
            [
              -90.818737516,
              29.794992927
            ],
            [
              -90.818921566,
              29.795054955
            ]
          ]
        ]
      }
    },
    {
      "type": "Feature",
      "properties": {
        "id": 385
      },
      "geometry": {
        "type": "Polygon",
        "coordinates": [
          [
            [
              -90.818733356,
              29.79493835
            ],
            [
              -90.818778388,
              29.794844471
            ],
            [
              -90.818535585,
              29.794758102
            ],
            [
              -90.818490543,
              29.794863338
            ],
            [
              -90.818733356,
              29.79493835
            ]
          ]
        ]
      }
    },
    {
      "type": "Feature",
      "properties": {
        "id": 386
      },
      "geometry": {
        "type": "Polygon",
        "coordinates": [
          [
            [
              -90.819197273,
              29.795044471
            ],
            [
              -90.819234358,
              29.794967418
            ],
            [
              -90.819029745,
              29.794895661
            ],
            [
              -90.818991183,
              29.794972601
            ],
            [
              -90.819197273,
              29.795044471
            ]
          ]
        ]
      }
    },
    {
      "type": "Feature",
      "properties": {
        "id": 387
      },
      "geometry": {
        "type": "Polygon",
        "coordinates": [
          [
            [
              -90.818732564,
              29.796084894
            ],
            [
              -90.818818033,
              29.796140148
            ],
            [
              -90.818870824,
              29.796012888
            ],
            [
              -90.818777764,
              29.795978805
            ],
            [
              -90.818732564,
              29.796084894
            ]
          ]
        ]
      }
    },
    {
      "type": "Feature",
      "properties": {
        "id": 388
      },
      "geometry": {
        "type": "Polygon",
        "coordinates": [
          [
            [
              -90.818590716,
              29.796044883
            ],
            [
              -90.818646833,
              29.795930157
            ],
            [
              -90.818524483,
              29.795885737
            ],
            [
              -90.818475486,
              29.796010251
            ],
            [
              -90.818590716,
              29.796044883
            ]
          ]
        ]
      }
    },
    {
      "type": "Feature",
      "properties": {
        "id": 389
      },
      "geometry": {
        "type": "Polygon",
        "coordinates": [
          [
            [
              -90.819247601,
              29.796577075
            ],
            [
              -90.819251509,
              29.796528709
            ],
            [
              -90.818990035,
              29.796536397
            ],
            [
              -90.818980648,
              29.796586999
            ],
            [
              -90.819247601,
              29.796577075
            ]
          ]
        ]
      }
    },
    {
      "type": "Feature",
      "properties": {
        "id": 390
      },
      "geometry": {
        "type": "Polygon",
        "coordinates": [
          [
            [
              -90.818031413,
              29.796181504
            ],
            [
              -90.818105016,
              29.795995462
            ],
            [
              -90.8180094,
              29.795968667
            ],
            [
              -90.817992552,
              29.796168634
            ],
            [
              -90.818031413,
              29.796181504
            ]
          ]
        ]
      }
    },
    {
      "type": "Feature",
      "properties": {
        "id": 391
      },
      "geometry": {
        "type": "Polygon",
        "coordinates": [
          [
            [
              -90.81805982,
              29.798066545
            ],
            [
              -90.818141387,
              29.797668761
            ],
            [
              -90.818047829,
              29.797657768
            ],
            [
              -90.817995892,
              29.798079783
            ],
            [
              -90.81805982,
              29.798066545
            ]
          ]
        ]
      }
    },
    {
      "type": "Feature",
      "properties": {
        "id": 392
      },
      "geometry": {
        "type": "Polygon",
        "coordinates": [
          [
            [
              -90.817752707,
              29.798074491
            ],
            [
              -90.817795513,
              29.797683153
            ],
            [
              -90.817728803,
              29.797683458
            ],
            [
              -90.817682645,
              29.798087165
            ],
            [
              -90.817752707,
              29.798074491
            ]
          ]
        ]
      }
    },
    {
      "type": "Feature",
      "properties": {
        "id": 393
      },
      "geometry": {
        "type": "Polygon",
        "coordinates": [
          [
            [
              -90.817286118,
              29.798287423
            ],
            [
              -90.817499458,
              29.79832325
            ],
            [
              -90.817569374,
              29.798271407
            ],
            [
              -90.817542321,
              29.798191247
            ],
            [
              -90.817311117,
              29.798158797
            ],
            [
              -90.817286118,
              29.798287423
            ]
          ]
        ]
      }
    },
    {
      "type": "Feature",
      "properties": {
        "id": 394
      },
      "geometry": {
        "type": "Polygon",
        "coordinates": [
          [
            [
              -90.81691785,
              29.79907232
            ],
            [
              -90.816943596,
              29.798895296
            ],
            [
              -90.816771846,
              29.798869909
            ],
            [
              -90.816729006,
              29.799042541
            ],
            [
              -90.81691785,
              29.79907232
            ]
          ]
        ]
      }
    },
    {
      "type": "Feature",
      "properties": {
        "id": 395
      },
      "geometry": {
        "type": "Polygon",
        "coordinates": [
          [
            [
              -90.816352022,
              29.798966538
            ],
            [
              -90.816402722,
              29.798792803
            ],
            [
              -90.816187878,
              29.798743866
            ],
            [
              -90.816137702,
              29.798934089
            ],
            [
              -90.816352022,
              29.798966538
            ]
          ]
        ]
      }
    },
    {
      "type": "Feature",
      "properties": {
        "id": 396
      },
      "geometry": {
        "type": "Polygon",
        "coordinates": [
          [
            [
              -90.815847522,
              29.798827637
            ],
            [
              -90.815890348,
              29.798673446
            ],
            [
              -90.815525992,
              29.798596614
            ],
            [
              -90.815494146,
              29.798736822
            ],
            [
              -90.815847522,
              29.798827637
            ]
          ]
        ]
      }
    },
    {
      "type": "Feature",
      "properties": {
        "id": 397
      },
      "geometry": {
        "type": "Polygon",
        "coordinates": [
          [
            [
              -90.822487354,
              29.784873613
            ],
            [
              -90.822459432,
              29.7847724
            ],
            [
              -90.822218829,
              29.784822814
            ],
            [
              -90.822255584,
              29.784923908
            ],
            [
              -90.822487354,
              29.784873613
            ]
          ]
        ]
      }
    },
    {
      "type": "Feature",
      "properties": {
        "id": 398
      },
      "geometry": {
        "type": "Polygon",
        "coordinates": [
          [
            [
              -90.821575691,
              29.784960473
            ],
            [
              -90.821504775,
              29.784821718
            ],
            [
              -90.821394632,
              29.784869322
            ],
            [
              -90.821466496,
              29.784993045
            ],
            [
              -90.821575691,
              29.784960473
            ]
          ]
        ]
      }
    },
    {
      "type": "Feature",
      "properties": {
        "id": 399
      },
      "geometry": {
        "type": "Polygon",
        "coordinates": [
          [
            [
              -90.820668528,
              29.786554575
            ],
            [
              -90.820781527,
              29.786327219
            ],
            [
              -90.820619572,
              29.786274747
            ],
            [
              -90.820529064,
              29.786516711
            ],
            [
              -90.820668528,
              29.786554575
            ]
          ]
        ]
      }
    },
    {
      "type": "Feature",
      "properties": {
        "id": 400
      },
      "geometry": {
        "type": "Polygon",
        "coordinates": [
          [
            [
              -90.821377587,
              29.786855763
            ],
            [
              -90.82151,
              29.786589684
            ],
            [
              -90.821360817,
              29.786536044
            ],
            [
              -90.821229808,
              29.786812875
            ],
            [
              -90.821377587,
              29.786855763
            ]
          ]
        ]
      }
    },
    {
      "type": "Feature",
      "properties": {
        "id": 401
      },
      "geometry": {
        "type": "Polygon",
        "coordinates": [
          [
            [
              -90.821144879,
              29.786449764
            ],
            [
              -90.821191278,
              29.786359064
            ],
            [
              -90.820870602,
              29.786247487
            ],
            [
              -90.820826843,
              29.786340028
            ],
            [
              -90.821144879,
              29.786449764
            ]
          ]
        ]
      }
    },
    {
      "type": "Feature",
      "properties": {
        "id": 402
      },
      "geometry": {
        "type": "Polygon",
        "coordinates": [
          [
            [
              -90.808679566,
              29.779700128
            ],
            [
              -90.809076449,
              29.779385956
            ],
            [
              -90.808933317,
              29.779259143
            ],
            [
              -90.808540615,
              29.779553182
            ],
            [
              -90.808679566,
              29.779700128
            ]
          ]
        ]
      }
    },
    {
      "type": "Feature",
      "properties": {
        "id": 403
      },
      "geometry": {
        "type": "Polygon",
        "coordinates": [
          [
            [
              -90.808298356,
              29.779358026
            ],
            [
              -90.808402009,
              29.779281461
            ],
            [
              -90.808069986,
              29.778982052
            ],
            [
              -90.808259134,
              29.778820236
            ],
            [
              -90.80837217,
              29.778741302
            ],
            [
              -90.808221934,
              29.778608341
            ],
            [
              -90.807902086,
              29.778875731
            ],
            [
              -90.807986623,
              29.778953661
            ],
            [
              -90.807958748,
              29.779059667
            ],
            [
              -90.808298356,
              29.779358026
            ]
          ]
        ]
      }
    },
    {
      "type": "Feature",
      "properties": {
        "id": 404
      },
      "geometry": {
        "type": "Polygon",
        "coordinates": [
          [
            [
              -90.808370732,
              29.780666572
            ],
            [
              -90.808300298,
              29.780649749
            ],
            [
              -90.808014077,
              29.780889449
            ],
            [
              -90.808086869,
              29.780909832
            ],
            [
              -90.808370732,
              29.780666572
            ]
          ]
        ]
      }
    },
    {
      "type": "Feature",
      "properties": {
        "id": 405
      },
      "geometry": {
        "type": "Polygon",
        "coordinates": [
          [
            [
              -90.807787569,
              29.780580952
            ],
            [
              -90.807845205,
              29.780603827
            ],
            [
              -90.808152936,
              29.780370042
            ],
            [
              -90.808063202,
              29.7803528
            ],
            [
              -90.807787569,
              29.780580952
            ]
          ]
        ]
      }
    },
    {
      "type": "Feature",
      "properties": {
        "id": 406
      },
      "geometry": {
        "type": "Polygon",
        "coordinates": [
          [
            [
              -90.808457288,
              29.780545568
            ],
            [
              -90.808501476,
              29.780507852
            ],
            [
              -90.808272724,
              29.780313047
            ],
            [
              -90.808220923,
              29.780357429
            ],
            [
              -90.808457288,
              29.780545568
            ]
          ]
        ]
      }
    },
    {
      "type": "Feature",
      "properties": {
        "id": 407
      },
      "geometry": {
        "type": "Polygon",
        "coordinates": [
          [
            [
              -90.809053585,
              29.780795982
            ],
            [
              -90.809158731,
              29.780514069
            ],
            [
              -90.80894857,
              29.780451759
            ],
            [
              -90.808850266,
              29.780731144
            ],
            [
              -90.809053585,
              29.780795982
            ]
          ]
        ]
      }
    },
    {
      "type": "Feature",
      "properties": {
        "id": 408
      },
      "geometry": {
        "type": "Polygon",
        "coordinates": [
          [
            [
              -90.809738569,
              29.781649534
            ],
            [
              -90.809817684,
              29.781667526
            ],
            [
              -90.80987511,
              29.781431716
            ],
            [
              -90.809792287,
              29.781422408
            ],
            [
              -90.809738569,
              29.781649534
            ]
          ]
        ]
      }
    },
    {
      "type": "Feature",
      "properties": {
        "id": 409
      },
      "geometry": {
        "type": "Polygon",
        "coordinates": [
          [
            [
              -90.809811136,
              29.782844032
            ],
            [
              -90.809876436,
              29.782652792
            ],
            [
              -90.809986915,
              29.782446892
            ],
            [
              -90.80984185,
              29.782392363
            ],
            [
              -90.809659219,
              29.782824367
            ],
            [
              -90.809811136,
              29.782844032
            ]
          ]
        ]
      }
    },
    {
      "type": "Feature",
      "properties": {
        "id": 410
      },
      "geometry": {
        "type": "Polygon",
        "coordinates": [
          [
            [
              -90.809572728,
              29.782804393
            ],
            [
              -90.809683804,
              29.782633545
            ],
            [
              -90.809604894,
              29.78252712
            ],
            [
              -90.80953534,
              29.782564521
            ],
            [
              -90.809443442,
              29.782481088
            ],
            [
              -90.809341676,
              29.782564176
            ],
            [
              -90.809572728,
              29.782804393
            ]
          ]
        ]
      }
    },
    {
      "type": "Feature",
      "properties": {
        "id": 411
      },
      "geometry": {
        "type": "Polygon",
        "coordinates": [
          [
            [
              -90.808771442,
              29.782767445
            ],
            [
              -90.808651371,
              29.782653631
            ],
            [
              -90.808568018,
              29.782625869
            ],
            [
              -90.80841804,
              29.782627701
            ],
            [
              -90.808448319,
              29.78270801
            ],
            [
              -90.808549258,
              29.782708756
            ],
            [
              -90.808653912,
              29.782757979
            ],
            [
              -90.808710683,
              29.782802228
            ],
            [
              -90.808771442,
              29.782767445
            ]
          ]
        ]
      }
    },
    {
      "type": "Feature",
      "properties": {
        "id": 412
      },
      "geometry": {
        "type": "Polygon",
        "coordinates": [
          [
            [
              -90.808537942,
              29.783195328
            ],
            [
              -90.808459985,
              29.783187662
            ],
            [
              -90.808383631,
              29.783158095
            ],
            [
              -90.808348034,
              29.783210359
            ],
            [
              -90.808443184,
              29.783248352
            ],
            [
              -90.80859737,
              29.783249106
            ],
            [
              -90.808537942,
              29.783195328
            ]
          ]
        ]
      }
    },
    {
      "type": "Feature",
      "properties": {
        "id": 413
      },
      "geometry": {
        "type": "Polygon",
        "coordinates": [
          [
            [
              -90.806474348,
              29.78283833
            ],
            [
              -90.806530806,
              29.782872071
            ],
            [
              -90.806830438,
              29.782354047
            ],
            [
              -90.806764236,
              29.782331827
            ],
            [
              -90.806474348,
              29.78283833
            ]
          ]
        ]
      }
    },
    {
      "type": "Feature",
      "properties": {
        "id": 414
      },
      "geometry": {
        "type": "Polygon",
        "coordinates": [
          [
            [
              -90.806844468,
              29.782183688
            ],
            [
              -90.806917768,
              29.78219625
            ],
            [
              -90.807247103,
              29.781631327
            ],
            [
              -90.807177251,
              29.781596117
            ],
            [
              -90.806844468,
              29.782183688
            ]
          ]
        ]
      }
    },
    {
      "type": "Feature",
      "properties": {
        "id": 415
      },
      "geometry": {
        "type": "Polygon",
        "coordinates": [
          [
            [
              -90.843464252,
              29.778437269
            ],
            [
              -90.843553331,
              29.778195418
            ],
            [
              -90.843216713,
              29.778102305
            ],
            [
              -90.843156584,
              29.77834634
            ],
            [
              -90.843464252,
              29.778437269
            ]
          ]
        ]
      }
    },
    {
      "type": "Feature",
      "properties": {
        "id": 416
      },
      "geometry": {
        "type": "Polygon",
        "coordinates": [
          [
            [
              -90.806279641,
              29.77807024
            ],
            [
              -90.806436319,
              29.77794639
            ],
            [
              -90.806351421,
              29.77785958
            ],
            [
              -90.806174385,
              29.777976573
            ],
            [
              -90.806279641,
              29.77807024
            ]
          ]
        ]
      }
    },
    {
      "type": "Feature",
      "properties": {
        "id": 417
      },
      "geometry": {
        "type": "Polygon",
        "coordinates": [
          [
            [
              -90.805964932,
              29.77832777
            ],
            [
              -90.806072105,
              29.778240532
            ],
            [
              -90.805966095,
              29.77813628
            ],
            [
              -90.805860053,
              29.778223245
            ],
            [
              -90.805964932,
              29.77832777
            ]
          ]
        ]
      }
    },
    {
      "type": "Feature",
      "properties": {
        "id": 418
      },
      "geometry": {
        "type": "Polygon",
        "coordinates": [
          [
            [
              -90.816457729,
              29.7995011
            ],
            [
              -90.816471669,
              29.799438915
            ],
            [
              -90.816253446,
              29.799405812
            ],
            [
              -90.816303816,
              29.799441134
            ],
            [
              -90.816295482,
              29.799470599
            ],
            [
              -90.816457729,
              29.7995011
            ]
          ]
        ]
      }
    },
    {
      "type": "Feature",
      "properties": {
        "id": 419
      },
      "geometry": {
        "type": "Polygon",
        "coordinates": [
          [
            [
              -90.816625608,
              29.800391457
            ],
            [
              -90.816664977,
              29.800271708
            ],
            [
              -90.816597644,
              29.800249197
            ],
            [
              -90.816565222,
              29.80038102
            ],
            [
              -90.816625608,
              29.800391457
            ]
          ]
        ]
      }
    },
    {
      "type": "Feature",
      "properties": {
        "id": 420
      },
      "geometry": {
        "type": "Polygon",
        "coordinates": [
          [
            [
              -90.81630386,
              29.800716683
            ],
            [
              -90.816369998,
              29.800506611
            ],
            [
              -90.816305929,
              29.800491192
            ],
            [
              -90.816241404,
              29.800723352
            ],
            [
              -90.81630386,
              29.800716683
            ]
          ]
        ]
      }
    },
    {
      "type": "Feature",
      "properties": {
        "id": 421
      },
      "geometry": {
        "type": "Polygon",
        "coordinates": [
          [
            [
              -90.820575895,
              29.802381832
            ],
            [
              -90.820599181,
              29.802319272
            ],
            [
              -90.820261117,
              29.802241588
            ],
            [
              -90.820249351,
              29.802299334
            ],
            [
              -90.820575895,
              29.802381832
            ]
          ]
        ]
      }
    },
    {
      "type": "Feature",
      "properties": {
        "id": 422
      },
      "geometry": {
        "type": "Polygon",
        "coordinates": [
          [
            [
              -90.820010024,
              29.808263202
            ],
            [
              -90.82008874,
              29.807956802
            ],
            [
              -90.819874205,
              29.80791451
            ],
            [
              -90.81980452,
              29.808236219
            ],
            [
              -90.820010024,
              29.808263202
            ]
          ]
        ]
      }
    },
    {
      "type": "Feature",
      "properties": {
        "id": 423
      },
      "geometry": {
        "type": "Polygon",
        "coordinates": [
          [
            [
              -90.818584236,
              29.807998009
            ],
            [
              -90.818641301,
              29.808022269
            ],
            [
              -90.818855296,
              29.80747001
            ],
            [
              -90.818781619,
              29.807457846
            ],
            [
              -90.818584236,
              29.807998009
            ]
          ]
        ]
      }
    },
    {
      "type": "Feature",
      "properties": {
        "id": 424
      },
      "geometry": {
        "type": "Polygon",
        "coordinates": [
          [
            [
              -90.819126343,
              29.812221935
            ],
            [
              -90.8192077,
              29.81186332
            ],
            [
              -90.818645075,
              29.811779412
            ],
            [
              -90.81863334,
              29.811909884
            ],
            [
              -90.818830587,
              29.811939338
            ],
            [
              -90.818847246,
              29.811878179
            ],
            [
              -90.818925088,
              29.811898288
            ],
            [
              -90.818922039,
              29.811964229
            ],
            [
              -90.818957406,
              29.811977656
            ],
            [
              -90.818903698,
              29.812196272
            ],
            [
              -90.819126343,
              29.812221935
            ]
          ]
        ]
      }
    },
    {
      "type": "Feature",
      "properties": {
        "id": 425
      },
      "geometry": {
        "type": "Polygon",
        "coordinates": [
          [
            [
              -90.81859823,
              29.812032342
            ],
            [
              -90.818621061,
              29.811919234
            ],
            [
              -90.818560308,
              29.811905843
            ],
            [
              -90.818540144,
              29.81202021
            ],
            [
              -90.81859823,
              29.812032342
            ]
          ]
        ]
      }
    },
    {
      "type": "Feature",
      "properties": {
        "id": 426
      },
      "geometry": {
        "type": "Polygon",
        "coordinates": [
          [
            [
              -90.819086719,
              29.81163406
            ],
            [
              -90.819142343,
              29.811594769
            ],
            [
              -90.818986749,
              29.81155057
            ],
            [
              -90.818946278,
              29.811584721
            ],
            [
              -90.819052178,
              29.811626852
            ],
            [
              -90.819086719,
              29.81163406
            ]
          ]
        ]
      }
    },
    {
      "type": "Feature",
      "properties": {
        "id": 427
      },
      "geometry": {
        "type": "Polygon",
        "coordinates": [
          [
            [
              -90.819240906,
              29.811574235
            ],
            [
              -90.819263768,
              29.811510038
            ],
            [
              -90.81914124,
              29.81147822
            ],
            [
              -90.81911573,
              29.811543235
            ],
            [
              -90.819240906,
              29.811574235
            ]
          ]
        ]
      }
    },
    {
      "type": "Feature",
      "properties": {
        "id": 428
      },
      "geometry": {
        "type": "Polygon",
        "coordinates": [
          [
            [
              -90.818841885,
              29.811568199
            ],
            [
              -90.818897858,
              29.811526045
            ],
            [
              -90.81882003,
              29.811478424
            ],
            [
              -90.818777452,
              29.811511972
            ],
            [
              -90.818841885,
              29.811568199
            ]
          ]
        ]
      }
    },
    {
      "type": "Feature",
      "properties": {
        "id": 429
      },
      "geometry": {
        "type": "Polygon",
        "coordinates": [
          [
            [
              -90.818831931,
              29.813094136
            ],
            [
              -90.818882217,
              29.812912012
            ],
            [
              -90.818440465,
              29.812851332
            ],
            [
              -90.818431679,
              29.812902012
            ],
            [
              -90.818365143,
              29.812893344
            ],
            [
              -90.818278762,
              29.813322522
            ],
            [
              -90.818400221,
              29.813342935
            ],
            [
              -90.81842259,
              29.813221742
            ],
            [
              -90.818489011,
              29.81323006
            ],
            [
              -90.818529989,
              29.813047628
            ],
            [
              -90.818831931,
              29.813094136
            ]
          ]
        ]
      }
    },
    {
      "type": "Feature",
      "properties": {
        "id": 430
      },
      "geometry": {
        "type": "Polygon",
        "coordinates": [
          [
            [
              -90.81156598,
              29.82412576
            ],
            [
              -90.811676276,
              29.823775351
            ],
            [
              -90.811150322,
              29.823686053
            ],
            [
              -90.811053511,
              29.824001003
            ],
            [
              -90.81156598,
              29.82412576
            ]
          ]
        ]
      }
    },
    {
      "type": "Feature",
      "properties": {
        "id": 431
      },
      "geometry": {
        "type": "Polygon",
        "coordinates": [
          [
            [
              -90.811036715,
              29.823683217
            ],
            [
              -90.81106381,
              29.823509866
            ],
            [
              -90.810769039,
              29.823461545
            ],
            [
              -90.810747309,
              29.823609035
            ],
            [
              -90.811036715,
              29.823683217
            ]
          ]
        ]
      }
    },
    {
      "type": "Feature",
      "properties": {
        "id": 432
      },
      "geometry": {
        "type": "Polygon",
        "coordinates": [
          [
            [
              -90.811232134,
              29.823682762
            ],
            [
              -90.811373092,
              29.823705755
            ],
            [
              -90.811390165,
              29.823647771
            ],
            [
              -90.811462846,
              29.823653598
            ],
            [
              -90.81149277,
              29.823555747
            ],
            [
              -90.811562517,
              29.823560387
            ],
            [
              -90.81157738,
              29.823480061
            ],
            [
              -90.811289498,
              29.823432485
            ],
            [
              -90.811232134,
              29.823682762
            ]
          ]
        ]
      }
    },
    {
      "id": "fd2e3fd2-3ed3-4236-98a8-f336a32c2c27",
      "type": "Feature",
      "geometry": {
        "type": "Polygon",
        "coordinates": [
          [
            [
              -90.820484265,
              29.791527845
            ],
            [
              -90.820568755,
              29.791345118
            ],
            [
              -90.820450737,
              29.791284597
            ],
            [
              -90.820360883,
              29.791492929
            ],
            [
              -90.820484265,
              29.791527845
            ]
          ]
        ]
      },
      "properties": {
        "mode": "polygon",
        "id": 433
      }
    },
    {
      "id": "a3871298-4a93-4f20-a979-1e6a6ea33de0",
      "type": "Feature",
      "geometry": {
        "type": "Polygon",
        "coordinates": [
          [
            [
              -90.820831611,
              29.791651214
            ],
            [
              -90.820901349,
              29.791508059
            ],
            [
              -90.82083027,
              29.791482454
            ],
            [
              -90.82081902,
              29.791504098
            ],
            [
              -90.820761353,
              29.79148664
            ],
            [
              -90.820703014,
              29.7916071
            ],
            [
              -90.820831611,
              29.791651214
            ]
          ]
        ]
      },
      "properties": {
        "mode": "polygon",
        "id": 434
      }
    },
    {
      "id": "0933af29-14c1-4202-b1cc-8a0ee158b89b",
      "type": "Feature",
      "geometry": {
        "type": "Polygon",
        "coordinates": [
          [
            [
              -90.820790186,
              29.791776442
            ],
            [
              -90.820832431,
              29.791680423
            ],
            [
              -90.820758,
              29.791657728
            ],
            [
              -90.820715084,
              29.791750837
            ],
            [
              -90.820790186,
              29.791776442
            ]
          ]
        ]
      },
      "properties": {
        "mode": "polygon",
        "id": 435
      }
    },
    {
      "id": "a6150602-c6fe-4d2c-a355-b1c45fa0b48c",
      "type": "Feature",
      "geometry": {
        "type": "Polygon",
        "coordinates": [
          [
            [
              -90.819331152,
              29.794054034
            ],
            [
              -90.81945051,
              29.793810793
            ],
            [
              -90.819395525,
              29.793794499
            ],
            [
              -90.819278849,
              29.79403774
            ],
            [
              -90.819331152,
              29.794054034
            ]
          ]
        ]
      },
      "properties": {
        "mode": "polygon",
        "id": 436
      }
    },
    {
      "id": "627498c5-460f-4204-aed2-437473dc18cb",
      "type": "Feature",
      "geometry": {
        "type": "Polygon",
        "coordinates": [
          [
            [
              -90.819685204,
              29.794186711
            ],
            [
              -90.81978981,
              29.793959764
            ],
            [
              -90.819712026,
              29.793936487
            ],
            [
              -90.819612784,
              29.794162271
            ],
            [
              -90.819685204,
              29.794186711
            ]
          ]
        ]
      },
      "properties": {
        "mode": "polygon",
        "id": 437
      }
    },
    {
      "id": "6d496869-130a-48d8-a4f2-997cb03bfc03",
      "type": "Feature",
      "geometry": {
        "type": "Polygon",
        "coordinates": [
          [
            [
              -90.817862965,
              29.798654272
            ],
            [
              -90.81793002,
              29.798664746
            ],
            [
              -90.817963548,
              29.798504144
            ],
            [
              -90.817895151,
              29.798505308
            ],
            [
              -90.817862965,
              29.798654272
            ]
          ]
        ]
      },
      "properties": {
        "mode": "polygon",
        "id": 438
      }
    },
    {
      "id": "80f0a27e-ca28-49f8-a057-182c5ff70b97",
      "type": "Feature",
      "geometry": {
        "type": "Polygon",
        "coordinates": [
          [
            [
              -90.821398724,
              29.789317807
            ],
            [
              -90.821445663,
              29.789206073
            ],
            [
              -90.821200241,
              29.78911529
            ],
            [
              -90.82115062,
              29.789237498
            ],
            [
              -90.821398724,
              29.789317807
            ]
          ]
        ]
      },
      "properties": {
        "mode": "polygon",
        "id": 439
      }
    },
    {
      "id": "6d148d13-df47-4b10-8725-a561de0d7aa7",
      "type": "Feature",
      "geometry": {
        "type": "Polygon",
        "coordinates": [
          [
            [
              -90.821213652,
              29.789519159
            ],
            [
              -90.821265955,
              29.789407426
            ],
            [
              -90.82111441,
              29.789360871
            ],
            [
              -90.821056743,
              29.789478423
            ],
            [
              -90.821213652,
              29.789519159
            ]
          ]
        ]
      },
      "properties": {
        "mode": "polygon",
        "id": 440
      }
    },
    {
      "id": "84dae583-ed8a-45ef-903a-e772b915382b",
      "type": "Feature",
      "geometry": {
        "type": "Polygon",
        "coordinates": [
          [
            [
              -90.821017851,
              29.789691414
            ],
            [
              -90.821095635,
              29.789526143
            ],
            [
              -90.821036626,
              29.789499373
            ],
            [
              -90.820960183,
              29.789664645
            ],
            [
              -90.821017851,
              29.789691414
            ]
          ]
        ]
      },
      "properties": {
        "mode": "polygon",
        "id": 441
      }
    },
    {
      "id": "49c1dde9-7282-4379-88d5-331ec728ca5e",
      "type": "Feature",
      "geometry": {
        "type": "Polygon",
        "coordinates": [
          [
            [
              -90.821374584,
              29.789484243
            ],
            [
              -90.8214175,
              29.789371346
            ],
            [
              -90.821318258,
              29.789342248
            ],
            [
              -90.821265955,
              29.789462129
            ],
            [
              -90.821374584,
              29.789484243
            ]
          ]
        ]
      },
      "properties": {
        "mode": "polygon",
        "id": 442
      }
    },
    {
      "id": "a3745dbd-1ff8-44ef-8542-c9938cb68830",
      "type": "Feature",
      "geometry": {
        "type": "Polygon",
        "coordinates": [
          [
            [
              -90.821731318,
              29.789159518
            ],
            [
              -90.82177021,
              29.789075718
            ],
            [
              -90.821595867,
              29.789022179
            ],
            [
              -90.821548928,
              29.789116454
            ],
            [
              -90.821731318,
              29.789159518
            ]
          ]
        ]
      },
      "properties": {
        "mode": "polygon",
        "id": 443
      }
    },
    {
      "id": "119ca0b1-ca80-4fd2-8302-e76e0614ef05",
      "type": "Feature",
      "geometry": {
        "type": "Polygon",
        "coordinates": [
          [
            [
              -90.822607351,
              29.789271014
            ],
            [
              -90.822632832,
              29.789176739
            ],
            [
              -90.822433007,
              29.789129019
            ],
            [
              -90.822388751,
              29.78922795
            ],
            [
              -90.822607351,
              29.789271014
            ]
          ]
        ]
      },
      "properties": {
        "mode": "polygon",
        "id": 444
      }
    },
    {
      "id": "e0dd6b5b-cae4-4608-9594-999f86953675",
      "type": "Feature",
      "geometry": {
        "type": "Polygon",
        "coordinates": [
          [
            [
              -90.822684464,
              29.788966657
            ],
            [
              -90.822713968,
              29.788753664
            ],
            [
              -90.822563765,
              29.788810695
            ],
            [
              -90.822519508,
              29.788810113
            ],
            [
              -90.82249738,
              29.788953272
            ],
            [
              -90.822684464,
              29.788966657
            ]
          ]
        ]
      },
      "properties": {
        "mode": "polygon",
        "id": 445
      }
    },
    {
      "id": "ba10268f-116c-4e5b-89e6-270b86467f38",
      "type": "Feature",
      "geometry": {
        "type": "Polygon",
        "coordinates": [
          [
            [
              -90.822548472,
              29.787074816
            ],
            [
              -90.822603457,
              29.78696308
            ],
            [
              -90.822573953,
              29.786899064
            ],
            [
              -90.822257452,
              29.786802459
            ],
            [
              -90.822191738,
              29.786964244
            ],
            [
              -90.822548472,
              29.787074816
            ]
          ]
        ]
      },
      "properties": {
        "mode": "polygon",
        "id": 446
      }
    },
    {
      "id": "a5c1926a-69f3-4d84-841b-0adb056b2c63",
      "type": "Feature",
      "geometry": {
        "type": "Polygon",
        "coordinates": [
          [
            [
              -90.82204399,
              29.786236883
            ],
            [
              -90.822190171,
              29.786219424
            ],
            [
              -90.822101658,
              29.785928442
            ],
            [
              -90.821883058,
              29.785971508
            ],
            [
              -90.821857577,
              29.786059966
            ],
            [
              -90.821983641,
              29.786027376
            ],
            [
              -90.82204399,
              29.786236883
            ]
          ]
        ]
      },
      "properties": {
        "mode": "polygon",
        "id": 447
      }
    },
    {
      "id": "9afb8a31-ca6f-4004-a890-602f77d1f2f6",
      "type": "Feature",
      "geometry": {
        "type": "Polygon",
        "coordinates": [
          [
            [
              -90.821593379,
              29.785780624
            ],
            [
              -90.821783816,
              29.78583882
            ],
            [
              -90.821919267,
              29.785855115
            ],
            [
              -90.82204399,
              29.785828345
            ],
            [
              -90.821820026,
              29.78539769
            ],
            [
              -90.821704691,
              29.785454723
            ],
            [
              -90.821814661,
              29.785652591
            ],
            [
              -90.821632271,
              29.785711952
            ],
            [
              -90.821593379,
              29.785780624
            ]
          ]
        ]
      },
      "properties": {
        "mode": "polygon",
        "id": 448
      }
    },
    {
      "id": "61c18290-33ba-495b-8191-299b41eb1912",
      "type": "Feature",
      "geometry": {
        "type": "Polygon",
        "coordinates": [
          [
            [
              -90.821526332,
              29.785263136
            ],
            [
              -90.821712746,
              29.785209595
            ],
            [
              -90.821602775,
              29.785004742
            ],
            [
              -90.821444525,
              29.785073414
            ],
            [
              -90.821526332,
              29.785263136
            ]
          ]
        ]
      },
      "properties": {
        "mode": "polygon",
        "id": 449
      }
    },
    {
      "id": "a27a957f-3356-4d65-ab4e-5e015dea42fc",
      "type": "Feature",
      "geometry": {
        "type": "Polygon",
        "coordinates": [
          [
            [
              -90.822024154,
              29.784968651
            ],
            [
              -90.821987945,
              29.784862733
            ],
            [
              -90.821875292,
              29.784886593
            ],
            [
              -90.821935641,
              29.784991348
            ],
            [
              -90.822024154,
              29.784968651
            ]
          ]
        ]
      },
      "properties": {
        "mode": "polygon",
        "id": 450
      }
    },
    {
      "id": "a5bd5162-4352-4d13-8913-59ba565692fd",
      "type": "Feature",
      "geometry": {
        "type": "Polygon",
        "coordinates": [
          [
            [
              -90.821924132,
              29.783548694
            ],
            [
              -90.821784657,
              29.78327982
            ],
            [
              -90.821662616,
              29.783284476
            ],
            [
              -90.821830254,
              29.783580121
            ],
            [
              -90.821924132,
              29.783548694
            ]
          ]
        ]
      },
      "properties": {
        "mode": "polygon",
        "id": 451
      }
    },
    {
      "id": "3e1665cb-bc4a-44bd-a17d-339a39ded958",
      "type": "Feature",
      "geometry": {
        "type": "Polygon",
        "coordinates": [
          [
            [
              -90.818405744,
              29.779045249
            ],
            [
              -90.818373558,
              29.77899054
            ],
            [
              -90.818183121,
              29.779060381
            ],
            [
              -90.818211284,
              29.779112761
            ],
            [
              -90.818405744,
              29.779045249
            ]
          ]
        ]
      },
      "properties": {
        "mode": "polygon",
        "id": 452
      }
    },
    {
      "id": "36966a40-12a4-4c20-a1f7-ef7b09822c40",
      "type": "Feature",
      "geometry": {
        "type": "Polygon",
        "coordinates": [
          [
            [
              -90.83035484,
              29.786415655
            ],
            [
              -90.830373616,
              29.786330688
            ],
            [
              -90.830020905,
              29.786289951
            ],
            [
              -90.830000788,
              29.786370262
            ],
            [
              -90.83035484,
              29.786415655
            ]
          ]
        ]
      },
      "properties": {
        "mode": "polygon",
        "id": 453
      }
    },
    {
      "id": "938d453b-b7f6-4cd3-b4a0-9de890791917",
      "type": "Feature",
      "geometry": {
        "type": "Polygon",
        "coordinates": [
          [
            [
              -90.82723875,
              29.78510507
            ],
            [
              -90.827048314,
              29.784506804
            ],
            [
              -90.826664758,
              29.784546378
            ],
            [
              -90.826906157,
              29.785179562
            ],
            [
              -90.82723875,
              29.78510507
            ]
          ]
        ]
      },
      "properties": {
        "mode": "polygon",
        "id": 454
      }
    },
    {
      "id": "5c25be92-0230-4b07-8df5-edd378174328",
      "type": "Feature",
      "geometry": {
        "type": "Polygon",
        "coordinates": [
          [
            [
              -90.829124041,
              29.79588129
            ],
            [
              -90.82938958,
              29.795922024
            ],
            [
              -90.829476751,
              29.795782366
            ],
            [
              -90.82946334,
              29.795678787
            ],
            [
              -90.829161592,
              29.79566133
            ],
            [
              -90.829124041,
              29.79588129
            ]
          ]
        ]
      },
      "properties": {
        "mode": "polygon",
        "id": 455
      }
    },
    {
      "id": "76d34f7d-112d-4465-8dc5-c69dd0b4f403",
      "type": "Feature",
      "geometry": {
        "type": "Polygon",
        "coordinates": [
          [
            [
              -90.82985881,
              29.796037478
            ],
            [
              -90.829923183,
              29.795734887
            ],
            [
              -90.829880268,
              29.795729068
            ],
            [
              -90.829811872,
              29.796035151
            ],
            [
              -90.82985881,
              29.796037478
            ]
          ]
        ]
      },
      "properties": {
        "mode": "polygon",
        "id": 456
      }
    },
    {
      "id": "f6ba32bd-dcdc-4a7d-81f8-8a3e0fc33e7a",
      "type": "Feature",
      "geometry": {
        "type": "Polygon",
        "coordinates": [
          [
            [
              -90.822251313,
              29.801663086
            ],
            [
              -90.822288863,
              29.801551366
            ],
            [
              -90.822039418,
              29.801535074
            ],
            [
              -90.82199382,
              29.801670068
            ],
            [
              -90.822251313,
              29.801663086
            ]
          ]
        ]
      },
      "properties": {
        "mode": "polygon",
        "id": 457
      }
    },
    {
      "id": "fb11084b-f159-4401-bc20-b40f5ef3028c",
      "type": "Feature",
      "geometry": {
        "type": "Polygon",
        "coordinates": [
          [
            [
              -90.821874928,
              29.800782838
            ],
            [
              -90.821984898,
              29.800801458
            ],
            [
              -90.822026473,
              29.800628058
            ],
            [
              -90.821915161,
              29.800614093
            ],
            [
              -90.821874928,
              29.800782838
            ]
          ]
        ]
      },
      "properties": {
        "mode": "polygon",
        "id": 458
      }
    },
    {
      "id": "14a2d8a1-26ba-4f06-9e4d-8eb37cfa2347",
      "type": "Feature",
      "geometry": {
        "type": "Polygon",
        "coordinates": [
          [
            [
              -90.819590292,
              29.806000615
            ],
            [
              -90.819692216,
              29.805648015
            ],
            [
              -90.819504461,
              29.805618922
            ],
            [
              -90.81940522,
              29.805971522
            ],
            [
              -90.819590292,
              29.806000615
            ]
          ]
        ]
      },
      "properties": {
        "mode": "polygon",
        "id": 459
      }
    },
    {
      "id": "3cef3c54-f26a-4722-8a9c-3c04ebf6dfd3",
      "type": "Feature",
      "geometry": {
        "type": "Polygon",
        "coordinates": [
          [
            [
              -90.820507608,
              29.806271755
            ],
            [
              -90.82063233,
              29.805890064
            ],
            [
              -90.820260844,
              29.805812096
            ],
            [
              -90.820224634,
              29.805943594
            ],
            [
              -90.820421777,
              29.805988978
            ],
            [
              -90.820381544,
              29.80613793
            ],
            [
              -90.820256821,
              29.80611582
            ],
            [
              -90.820193789,
              29.806319466
            ],
            [
              -90.820369474,
              29.806353213
            ],
            [
              -90.820398978,
              29.806249645
            ],
            [
              -90.820507608,
              29.806271755
            ]
          ]
        ]
      },
      "properties": {
        "mode": "polygon",
        "id": 460
      }
    },
    {
      "id": "b3fedcf2-535e-4890-b494-fc74cde24af3",
      "type": "Feature",
      "geometry": {
        "type": "Polygon",
        "coordinates": [
          [
            [
              -90.819930406,
              29.806780401
            ],
            [
              -90.819906266,
              29.80685604
            ],
            [
              -90.820272388,
              29.806942153
            ],
            [
              -90.820346149,
              29.806945644
            ],
            [
              -90.820403816,
              29.80693168
            ],
            [
              -90.820436003,
              29.806830439
            ],
            [
              -90.820500376,
              29.806562791
            ],
            [
              -90.820328714,
              29.806481333
            ],
            [
              -90.820233496,
              29.806839749
            ],
            [
              -90.819930406,
              29.806780401
            ]
          ]
        ]
      },
      "properties": {
        "mode": "polygon",
        "id": 461
      }
    }
  ]
}
